,Ticker,Name,Währung,Börse,Sektor,Branche
0,A,"Agilent Technologies, Inc.",USD,NYQ,Healthcare,Diagnostics & Research
1,AABA,N/A,N/A,N/A,N/A,N/A
2,AAL,American Airlines Group Inc.,USD,NMS,Industrials,Airlines
3,AAL,American Airlines Group Inc.,USD,NMS,Industrials,Airlines
4,AAMRQ,N/A,N/A,YHD,N/A,N/A
5,AAP,"Advance Auto Parts, Inc.",USD,NYQ,Consumer Cyclical,Auto Parts
6,AAPL,Apple Inc.,USD,NMS,Technology,Consumer Electronics
7,ABBV,AbbVie Inc.,USD,NYQ,Healthcare,Drug Manufacturers - General
8,ABC,N/A,N/A,N/A,N/A,N/A
9,ABI,VictoryShares Pioneer Asset-Based Inc ETF,USD,NGM,,
10,ABKFQ,N/A,N/A,N/A,N/A,N/A
11,ABMD,N/A,N/A,N/A,N/A,N/A
12,ABNB,"Airbnb, Inc.",USD,NMS,Consumer Cyclical,Travel Services
13,ABS,N/A,N/A,YHD,N/A,N/A
14,ABT,Abbott Laboratories,USD,NYQ,Healthcare,Medical Devices
15,ABX,Barrick Gold Corporation,N/A,YHD,N/A,N/A
16,ACAS,N/A,N/A,YHD,N/A,N/A
17,ACGL,Arch Capital Group Ltd.,USD,NMS,Financial Services,Insurance - Diversified
18,ACKH,N/A,N/A,N/A,N/A,N/A
19,ACN,Accenture plc,USD,NYQ,Technology,Information Technology Services
20,ACS,N/A,N/A,YHD,N/A,N/A
21,ACV,Virtus Diversified Income & Convertible Fund,USD,NYQ,Financial Services,Asset Management
22,ADBE,Adobe Inc.,USD,NMS,Technology,Software - Application
23,ADCT,ADC Therapeutics SA,USD,NYQ,Healthcare,Biotechnology
24,ADI,"Analog Devices, Inc.",USD,NMS,Technology,Semiconductors
25,ADM,Archer-Daniels-Midland Company,USD,NYQ,Consumer Defensive,Farm Products
26,ADP,"Automatic Data Processing, Inc.",USD,NMS,Technology,Software - Application
27,ADS,N/A,N/A,N/A,N/A,N/A
28,ADSK,"Autodesk, Inc.",USD,NMS,Technology,Software - Application
29,ADT,ADT Inc.,USD,NYQ,Industrials,Security & Protection Services
30,AEE,Ameren Corporation,USD,NYQ,Utilities,Utilities - Regulated Electric
31,AEP,"American Electric Power Company, Inc.",USD,NMS,Utilities,Utilities - Regulated Electric
32,AES,The AES Corporation,USD,NYQ,Utilities,Utilities - Diversified
33,AET,Aetna Inc.,N/A,YHD,N/A,N/A
34,AFL,Aflac Incorporated,USD,NYQ,Financial Services,Insurance - Life
35,AFS.A,N/A,N/A,N/A,N/A,N/A
36,AGC,N/A,N/A,N/A,N/A,N/A
37,AGN,N/A,N/A,N/A,N/A,N/A
38,AHM,N/A,N/A,N/A,N/A,N/A
39,AIG,"American International Group, Inc.",USD,NYQ,Financial Services,Insurance - Diversified
40,AIT,"Applied Industrial Technologies, Inc.",USD,NYQ,Industrials,Industrial Distribution
41,AIV,Apartment Investment and Management Company,USD,NYQ,Real Estate,REIT - Residential
42,AIZ,"Assurant, Inc.",USD,NYQ,Financial Services,Insurance - Property & Casualty
43,AJG,Arthur J. Gallagher & Co.,USD,NYQ,Financial Services,Insurance Brokers
44,AKAM,"Akamai Technologies, Inc.",USD,NMS,Technology,Software - Infrastructure
45,AKS,N/A,N/A,N/A,N/A,N/A
46,AL,Air Lease Corporation,USD,NYQ,Industrials,Rental & Leasing Services
47,ALB,Albemarle Corporation,USD,NYQ,Basic Materials,Specialty Chemicals
48,ALGN,"Align Technology, Inc.",USD,NMS,Healthcare,Medical Instruments & Supplies
49,ALK,"Alaska Air Group, Inc.",USD,NYQ,Industrials,Airlines
50,ALL,The Allstate Corporation,USD,NYQ,Financial Services,Insurance - Property & Casualty
51,ALLE,Allegion plc,USD,NYQ,Industrials,Security & Protection Services
52,ALTR,N/A,N/A,N/A,N/A,N/A
53,ALXN,N/A,N/A,N/A,N/A,N/A
54,AM,Antero Midstream Corporation,USD,NYQ,Energy,Oil & Gas Midstream
55,AMAT,"Applied Materials, Inc.",USD,NMS,Technology,Semiconductor Equipment & Materials
56,AMCC,N/A,N/A,YHD,N/A,N/A
57,AMCR,Amcor plc,USD,NYQ,Consumer Cyclical,Packaging & Containers
58,AMD,"Advanced Micro Devices, Inc.",USD,NMS,Technology,Semiconductors
59,AMD,"Advanced Micro Devices, Inc.",USD,NMS,Technology,Semiconductors
60,AME,"AMETEK, Inc.",USD,NYQ,Industrials,Specialty Industrial Machinery
61,AMG,"Affiliated Managers Group, Inc.",USD,NYQ,Financial Services,Asset Management
62,AMGN,Amgen Inc.,USD,NMS,Healthcare,Drug Manufacturers - General
63,AMH,American Homes 4 Rent,USD,NYQ,Real Estate,REIT - Residential
64,AMP,"Ameriprise Financial, Inc.",USD,NYQ,Financial Services,Asset Management
65,AMP,"Ameriprise Financial, Inc.",USD,NYQ,Financial Services,Asset Management
66,AMT,American Tower Corporation,USD,NYQ,Real Estate,REIT - Specialty
67,AMTM,"Amentum Holdings, Inc.",USD,NYQ,Industrials,Specialty Business Services
68,AMZN,"Amazon.com, Inc.",USD,NMS,Consumer Cyclical,Internet Retail
69,AN,"AutoNation, Inc.",USD,NYQ,Consumer Cyclical,Auto & Truck Dealerships
70,AN,"AutoNation, Inc.",USD,NYQ,Consumer Cyclical,Auto & Truck Dealerships
71,ANDV,Andeavor,N/A,YHD,N/A,N/A
72,ANDW,N/A,N/A,YHD,N/A,N/A
73,ANET,Arista Networks Inc,USD,NYQ,Technology,Computer Hardware
74,ANF,Abercrombie & Fitch Co.,USD,NYQ,Consumer Cyclical,Apparel Retail
75,ANRZQ,N/A,N/A,YHD,N/A,N/A
76,ANSS,"ANSYS, Inc.",USD,NMS,Technology,Software - Application
77,ANTM,N/A,N/A,N/A,N/A,N/A
78,ANV,N/A,N/A,YHD,N/A,N/A
79,AON,Aon plc,USD,NYQ,Financial Services,Insurance Brokers
80,AOS,A. O. Smith Corporation,USD,NYQ,Industrials,Specialty Industrial Machinery
81,APA,APA Corporation,USD,NMS,Energy,Oil & Gas E&P
82,APC,N/A,N/A,N/A,N/A,N/A
83,APCC,N/A,N/A,YHD,N/A,N/A
84,APD,"Air Products and Chemicals, Inc.",USD,NYQ,Basic Materials,Specialty Chemicals
85,APH,Amphenol Corporation,USD,NYQ,Technology,Electronic Components
86,APO,"Apollo Global Management, Inc.",USD,NYQ,Financial Services,Asset Management
87,APOL,N/A,N/A,YHD,N/A,N/A
88,APTV,Aptiv PLC,USD,NYQ,Consumer Cyclical,Auto Parts
89,AR,Antero Resources Corporation,USD,NYQ,Energy,Oil & Gas E&P
90,ARC,N/A,N/A,N/A,N/A,N/A
91,ARE,"Alexandria Real Estate Equities, Inc.",USD,NYQ,Real Estate,REIT - Office
92,ARG,N/A,N/A,YHD,N/A,N/A
93,ARNC,N/A,N/A,N/A,N/A,N/A
94,AS,"Amer Sports, Inc.",USD,NYQ,Consumer Cyclical,Leisure
95,ASC,Ardmore Shipping Corporation,USD,NYQ,Industrials,Marine Shipping
96,ASH,Ashland Inc.,USD,NYQ,Basic Materials,Specialty Chemicals
97,ASN,N/A,N/A,YHD,N/A,N/A
98,ASND,Ascendis Pharma A/S,USD,NMS,Healthcare,Biotechnology
99,ASO,"Academy Sports and Outdoors, Inc.",USD,NMS,Consumer Cyclical,Specialty Retail
100,AT,N/A,N/A,N/A,N/A,N/A
101,ATGE,Adtalem Global Education Inc.,USD,NYQ,Consumer Defensive,Education & Training Services
102,ATI,ATI Inc.,USD,NYQ,Industrials,Metal Fabrication
103,ATO,Atmos Energy Corporation,USD,NYQ,Utilities,Utilities - Regulated Gas
104,ATVI,N/A,N/A,N/A,N/A,N/A
105,AV,N/A,N/A,YHD,N/A,N/A
106,AVB,"AvalonBay Communities, Inc.",USD,NYQ,Real Estate,REIT - Residential
107,AVGO,Broadcom Inc.,USD,NMS,Technology,Semiconductors
108,AVP,N/A,N/A,N/A,N/A,N/A
109,AVY,Avery Dennison Corporation,USD,NYQ,Consumer Cyclical,Packaging & Containers
110,AW,N/A,N/A,YHD,N/A,N/A
111,AWE,N/A,N/A,YHD,N/A,N/A
112,AWK,"American Water Works Company, Inc.",USD,NYQ,Utilities,Utilities - Regulated Water
113,AXON,"Axon Enterprise, Inc.",USD,NMS,Industrials,Aerospace & Defense
114,AXP,American Express Company,USD,NYQ,Financial Services,Credit Services
115,AYE,N/A,N/A,YHD,N/A,N/A
116,AYI,Acuity Inc.,USD,NYQ,Industrials,Electrical Equipment & Parts
117,AZA.A,N/A,N/A,N/A,N/A,N/A
118,AZO,"AutoZone, Inc.",USD,NYQ,Consumer Cyclical,Auto Parts
119,BA,The Boeing Company,USD,NYQ,Industrials,Aerospace & Defense
120,BAC,Bank of America Corporation,USD,NYQ,Financial Services,Banks - Diversified
121,BALL,Ball Corporation,USD,NYQ,Consumer Cyclical,Packaging & Containers
122,BAX,Baxter International Inc.,USD,NYQ,Healthcare,Medical Instruments & Supplies
123,BAY,N/A,N/A,YHD,N/A,N/A
124,BBBY,N/A,N/A,N/A,N/A,N/A
125,BBI,N/A,N/A,N/A,N/A,N/A
126,BBT,N/A,N/A,N/A,N/A,N/A
127,BBWI,"Bath & Body Works, Inc.",USD,NYQ,Consumer Cyclical,Specialty Retail
128,BBY,"Best Buy Co., Inc.",USD,NYQ,Consumer Cyclical,Specialty Retail
129,BC,Brunswick Corporation,USD,NYQ,Consumer Cyclical,Recreational Vehicles
130,BCO,The Brink's Company,USD,NYQ,Industrials,Security & Protection Services
131,BCR,N/A,N/A,YHD,N/A,N/A
132,BDK,N/A,N/A,YHD,N/A,N/A
133,BDX,"Becton, Dickinson and Company",USD,NYQ,Healthcare,Medical Instruments & Supplies
134,BEAM,Beam Therapeutics Inc.,USD,NMS,Healthcare,Biotechnology
135,BEN,"Franklin Resources, Inc.",USD,NYQ,Financial Services,Asset Management
136,BEV,N/A,N/A,YHD,N/A,N/A
137,BF.B,N/A,N/A,YHD,N/A,N/A
138,BFI,"BurgerFi International, Inc.",USD,NCM,Consumer Cyclical,Restaurants
139,BFO,N/A,N/A,N/A,N/A,N/A
140,BG,Bunge Global SA,USD,NYQ,Consumer Defensive,Farm Products
141,BGEN,N/A,N/A,YHD,N/A,N/A
142,BGG,N/A,N/A,N/A,N/A,N/A
143,BHF,"Brighthouse Financial, Inc.",USD,NMS,Financial Services,Insurance - Life
144,BHGE,N/A,N/A,N/A,N/A,N/A
145,BHMSQ,N/A,N/A,YHD,N/A,N/A
146,BIG,N/A,N/A,NYQ,N/A,N/A
147,BIIB,Biogen Inc.,USD,NMS,Healthcare,Drug Manufacturers - General
148,BIO,"Bio-Rad Laboratories, Inc.",USD,NYQ,Healthcare,Medical Devices
149,BJS,N/A,N/A,YHD,N/A,N/A
150,BK,The Bank of New York Mellon Corporation,USD,NYQ,Financial Services,Banks - Diversified
151,BKB,N/A,N/A,YHD,N/A,N/A
152,BKNG,Booking Holdings Inc.,USD,NMS,Consumer Cyclical,Travel Services
153,BKR,Baker Hughes Company,USD,NMS,Energy,Oil & Gas Equipment & Services
154,BLDR,"Builders FirstSource, Inc.",USD,NYQ,Industrials,Building Products & Equipment
155,BLK,"BlackRock, Inc.",USD,NYQ,Financial Services,Asset Management
156,BLL,N/A,N/A,N/A,N/A,N/A
157,BLS,N/A,N/A,YHD,N/A,N/A
158,BLY,N/A,N/A,NMS,N/A,N/A
159,BMC,N/A,N/A,YHD,N/A,N/A
160,BMET,N/A,N/A,YHD,N/A,N/A
161,BMGCA,N/A,N/A,N/A,N/A,N/A
162,BMS,"Bemis Company, Inc.",N/A,NYQ,N/A,N/A
163,BMY,Bristol-Myers Squibb Company,USD,NYQ,Healthcare,Drug Manufacturers - General
164,BNI,N/A,N/A,YHD,N/A,N/A
165,BNL,"Broadstone Net Lease, Inc.",USD,NYQ,Real Estate,REIT - Diversified
166,BOAT,SonicShares Global Shipping ETF,USD,PCX,N/A,N/A
167,BOL,N/A,N/A,YHD,N/A,N/A
168,BR,"Broadridge Financial Solutions, Inc.",USD,NYQ,Technology,Information Technology Services
169,BR,"Broadridge Financial Solutions, Inc.",USD,NYQ,Technology,Information Technology Services
170,BRCM,N/A,N/A,YHD,N/A,N/A
171,BRK.B,N/A,N/A,N/A,N/A,N/A
172,BRL,N/A,N/A,YHD,N/A,N/A
173,BRO,"Brown & Brown, Inc.",USD,NYQ,Financial Services,Insurance Brokers
174,BSC,N/A,N/A,YHD,N/A,N/A
175,BSX,Boston Scientific Corporation,USD,NYQ,Healthcare,Medical Devices
176,BT,N/A,N/A,N/A,N/A,N/A
177,BTUUQ,N/A,N/A,YHD,N/A,N/A
178,BUD,Anheuser-Busch InBev SA/NV,USD,NYQ,Consumer Defensive,Beverages - Brewers
179,BVSN,N/A,N/A,N/A,N/A,N/A
180,BWA,BorgWarner Inc.,USD,NYQ,Consumer Cyclical,Auto Parts
181,BX,Blackstone Inc.,USD,NYQ,Financial Services,Asset Management
182,BXLT,N/A,N/A,YHD,N/A,N/A
183,BXP,"BXP, Inc.",USD,NYQ,Real Estate,REIT - Office
184,C,Citigroup Inc.,USD,NYQ,Financial Services,Banks - Diversified
185,CA,Xtrackers California Municipal Bond ETF,USD,NGM,N/A,N/A
186,CAG,"Conagra Brands, Inc.",USD,NYQ,Consumer Defensive,Packaged Foods
187,CAH,"Cardinal Health, Inc.",USD,NYQ,Healthcare,Medical Distribution
188,CAL,"Caleres, Inc.",USD,NYQ,Consumer Cyclical,Apparel Retail
189,CAM,N/A,N/A,YHD,N/A,N/A
190,CAR,"Avis Budget Group, Inc.",USD,NMS,Industrials,Rental & Leasing Services
191,CARR,Carrier Global Corporation,USD,NYQ,Industrials,Building Products & Equipment
192,CAT,Caterpillar Inc.,USD,NYQ,Industrials,Farm & Heavy Construction Machinery
193,CB,Chubb Limited,USD,NYQ,Financial Services,Insurance - Property & Casualty
194,CBB,N/A,N/A,NYQ,N/A,N/A
195,CBE,N/A,N/A,YHD,N/A,N/A
196,CBE,N/A,N/A,YHD,N/A,N/A
197,CBH,N/A,N/A,N/A,N/A,N/A
198,CBOE,"Cboe Global Markets, Inc.",USD,BTS,Financial Services,Financial Data & Stock Exchanges
199,CBRE,"CBRE Group, Inc.",USD,NYQ,Real Estate,Real Estate Services
200,CBS,N/A,N/A,N/A,N/A,N/A
201,CBSS,N/A,N/A,YHD,N/A,N/A
202,CCB,Coastal Financial Corporation,USD,NMS,Financial Services,Banks - Regional
203,CCE,Coca-Cola European Partners plc,N/A,YHD,N/A,N/A
204,CCEP,Coca-Cola Europacific Partners PLC,USD,NMS,Consumer Defensive,Beverages - Non-Alcoholic
205,CCI,Crown Castle Inc.,USD,NYQ,Real Estate,REIT - Specialty
206,CCI,Crown Castle Inc.,USD,NYQ,Real Estate,REIT - Specialty
207,CCK,"Crown Holdings, Inc.",USD,NYQ,Consumer Cyclical,Packaging & Containers
208,CCL,Carnival Corporation & plc,USD,NYQ,Consumer Cyclical,Travel Services
209,CCTYQ,N/A,N/A,YHD,N/A,N/A
210,CCU,Compañía Cervecerías Unidas S.A.,USD,NYQ,Consumer Defensive,Beverages - Brewers
211,CDAY,N/A,N/A,N/A,N/A,N/A
212,CDNS,"Cadence Design Systems, Inc.",USD,NMS,Technology,Software - Application
213,CDW,CDW Corporation,USD,NMS,Technology,Information Technology Services
214,CE,Celanese Corporation,USD,NYQ,Basic Materials,Chemicals
215,CE,Celanese Corporation,USD,NYQ,Basic Materials,Chemicals
216,CEG,Constellation Energy Corporation,USD,NMS,Utilities,Utilities - Renewable
217,CEG,Constellation Energy Corporation,USD,NMS,Utilities,Utilities - Renewable
218,CELG,N/A,N/A,N/A,N/A,N/A
219,CEN,N/A,N/A,N/A,N/A,N/A
220,CEPH,N/A,N/A,YHD,N/A,N/A
221,CERN,N/A,N/A,N/A,N/A,N/A
222,CF,"CF Industries Holdings, Inc.",USD,NYQ,Basic Materials,Agricultural Inputs
223,CF,"CF Industries Holdings, Inc.",USD,NYQ,Basic Materials,Agricultural Inputs
224,CFC,N/A,N/A,YHD,N/A,N/A
225,CFG,"Citizens Financial Group, Inc.",USD,NYQ,Financial Services,Banks - Regional
226,CFL,N/A,N/A,NMS,N/A,N/A
227,CFN,N/A,N/A,YHD,N/A,N/A
228,CG,The Carlyle Group Inc.,USD,NMS,Financial Services,Asset Management
229,CGP,N/A,N/A,YHD,N/A,N/A
230,CHA,Chagee Holdings Limited,USD,NMS,Consumer Cyclical,Restaurants
231,CHD,"Church & Dwight Co., Inc.",USD,NYQ,Consumer Defensive,Household & Personal Products
232,CHIR,Global X MSCI China Real Estate ETF,USD,PCX,N/A,N/A
233,CHK,N/A,N/A,N/A,N/A,N/A
234,CHRS,"Coherus Oncology, Inc.",USD,NGM,Healthcare,Biotechnology
235,CHRW,"C.H. Robinson Worldwide, Inc.",USD,NMS,Industrials,Integrated Freight & Logistics
236,CHTR,"Charter Communications, Inc.",USD,NMS,Communication Services,Telecom Services
237,CI,The Cigna Group,USD,NYQ,Healthcare,Healthcare Plans
238,CIEN,Ciena Corporation,USD,NYQ,Technology,Communication Equipment
239,CIN,N/A,N/A,YHD,N/A,N/A
240,CINF,Cincinnati Financial Corporation,USD,NMS,Financial Services,Insurance - Property & Casualty
241,CIT.A,N/A,N/A,N/A,N/A,N/A
242,CITGQ,N/A,N/A,N/A,N/A,N/A
243,CL,Colgate-Palmolive Company,USD,NYQ,Consumer Defensive,Household & Personal Products
244,CLF,Cleveland-Cliffs Inc.,USD,NYQ,Basic Materials,Steel
245,CLX,The Clorox Company,USD,NYQ,Consumer Defensive,Household & Personal Products
246,CMA,Comerica Incorporated,USD,NYQ,Financial Services,Banks - Regional
247,CMB,N/A,N/A,YHD,N/A,N/A
248,CMCSA,Comcast Corporation,USD,NMS,Communication Services,Telecom Services
249,CMCSK,N/A,N/A,YHD,N/A,N/A
250,CME,CME Group Inc.,USD,NMS,Financial Services,Financial Data & Stock Exchanges
251,CMG,"Chipotle Mexican Grill, Inc.",USD,NYQ,Consumer Cyclical,Restaurants
252,CMI,Cummins Inc.,USD,NYQ,Industrials,Specialty Industrial Machinery
253,CMS,CMS Energy Corporation,USD,NYQ,Utilities,Utilities - Regulated Electric
254,CMVT,N/A,N/A,YHD,N/A,N/A
255,CMX,N/A,N/A,YHD,N/A,N/A
256,CNC,Centene Corporation,USD,NYQ,Healthcare,Healthcare Plans
257,CNC,Centene Corporation,USD,NYQ,Healthcare,Healthcare Plans
258,CNG,N/A,N/A,YHD,N/A,N/A
259,CNP,"CenterPoint Energy, Inc.",USD,NYQ,Utilities,Utilities - Regulated Electric
260,CNW,N/A,N/A,YHD,N/A,N/A
261,CNX,CNX Resources Corporation,USD,NYQ,Energy,Oil & Gas E&P
262,CNXT,VanEck ChiNext ETF,USD,PCX,N/A,N/A
263,COC.B,N/A,N/A,YHD,N/A,N/A
264,COF,Capital One Financial Corporation,USD,NYQ,Financial Services,Credit Services
265,COG,N/A,N/A,NYQ,N/A,N/A
266,COL,"Rockwell Collins, Inc.",N/A,YHD,N/A,N/A
267,COMS,COMSovereign Holding Corp.,USD,OEM,Technology,Communication Equipment
268,COO,"The Cooper Companies, Inc.",USD,NMS,Healthcare,Medical Instruments & Supplies
269,COP,ConocoPhillips,USD,NYQ,Energy,Oil & Gas E&P
270,COR,"Cencora, Inc.",USD,NYQ,Healthcare,Medical Distribution
271,COST,Costco Wholesale Corporation,USD,NMS,Consumer Defensive,Discount Stores
272,COTY,Coty Inc.,USD,NYQ,Consumer Defensive,Household & Personal Products
273,COV,N/A,N/A,YHD,N/A,N/A
274,COV,N/A,N/A,YHD,N/A,N/A
275,COV,N/A,N/A,YHD,N/A,N/A
276,CPAY,"Corpay, Inc.",USD,NYQ,Technology,Software - Infrastructure
277,CPB,The Campbell's Company,USD,NMS,Consumer Defensive,Packaged Foods
278,CPGX,N/A,N/A,YHD,N/A,N/A
279,CPNLQ,N/A,N/A,N/A,N/A,N/A
280,CPQ,N/A,N/A,YHD,N/A,N/A
281,CPRI,Capri Holdings Limited,USD,NYQ,Consumer Cyclical,Luxury Goods
282,CPRT,"Copart, Inc.",USD,NMS,Industrials,Specialty Business Services
283,CPT,Camden Property Trust,USD,NYQ,Real Estate,REIT - Residential
284,CPWR,Ocean Thermal Energy Corporation,USD,OEM,Utilities,Utilities - Renewable
285,CR,Crane Company,USD,NYQ,Industrials,Specialty Industrial Machinery
286,CRL,"Charles River Laboratories International, Inc.",USD,NYQ,Healthcare,Diagnostics & Research
287,CRM,"Salesforce, Inc.",USD,NYQ,Technology,Software - Application
288,CRR,N/A,N/A,N/A,N/A,N/A
289,CRWD,"CrowdStrike Holdings, Inc.",USD,NMS,Technology,Software - Infrastructure
290,CSCO,"Cisco Systems, Inc.",USD,NMS,Technology,Communication Equipment
291,CSE,N/A,N/A,YHD,N/A,N/A
292,CSGP,"CoStar Group, Inc.",USD,NMS,Real Estate,Real Estate Services
293,CSR,Centerspace,USD,NYQ,Real Estate,REIT - Residential
294,CSRA,N/A,N/A,YHD,N/A,N/A
295,CSX,CSX Corporation,USD,NMS,Industrials,Railroads
296,CTAS,Cintas Corporation,USD,NMS,Industrials,Specialty Business Services
297,CTB,N/A,N/A,N/A,N/A,N/A
298,CTL,N/A,N/A,N/A,N/A,N/A
299,CTLT,N/A,N/A,N/A,N/A,N/A
300,CTRA,Coterra Energy Inc.,USD,NYQ,Energy,Oil & Gas E&P
301,CTSH,Cognizant Technology Solutions Corporation,USD,NMS,Technology,Information Technology Services
302,CTVA,"Corteva, Inc.",USD,NYQ,Basic Materials,Agricultural Inputs
303,CTX,N/A,N/A,YHD,N/A,N/A
304,CTXS,N/A,N/A,N/A,N/A,N/A
305,CVC,N/A,N/A,YHD,N/A,N/A
306,CVG,Convergys Corporation,N/A,YHD,N/A,N/A
307,CVH,N/A,N/A,YHD,N/A,N/A
308,CVS,CVS Health Corporation,USD,NYQ,Healthcare,Healthcare Plans
309,CVX,Chevron Corporation,USD,NYQ,Energy,Oil & Gas Integrated
310,CXO,N/A,N/A,N/A,N/A,N/A
311,CYM,N/A,N/A,YHD,N/A,N/A
312,CYR,N/A,N/A,YHD,N/A,N/A
313,CZR,"Caesars Entertainment, Inc.",USD,NMS,Consumer Cyclical,Resorts & Casinos
314,D,"Dominion Energy, Inc.",USD,NYQ,Utilities,Utilities - Regulated Electric
315,DAL,"Delta Air Lines, Inc.",USD,NYQ,Industrials,Airlines
316,DALRQ,N/A,N/A,N/A,N/A,N/A
317,DAY,Dayforce Inc,USD,NYQ,Technology,Software - Application
318,DCNAQ,N/A,N/A,N/A,N/A,N/A
319,DD,"DuPont de Nemours, Inc.",USD,NYQ,Basic Materials,Specialty Chemicals
320,DD,"DuPont de Nemours, Inc.",USD,NYQ,Basic Materials,Specialty Chemicals
321,DDR,DDR Corp.,N/A,YHD,N/A,N/A
322,DDS,"Dillard's, Inc.",USD,NYQ,Consumer Cyclical,Department Stores
323,DE,Deere & Company,USD,NYQ,Industrials,Farm & Heavy Construction Machinery
324,DEC,Diversified Energy Company PLC,USD,NYQ,Energy,Oil & Gas Integrated
325,DECK,Deckers Outdoor Corporation,USD,NYQ,Consumer Cyclical,Footwear & Accessories
326,DELL,Dell Technologies Inc.,USD,NYQ,Technology,Computer Hardware
327,DELL,Dell Technologies Inc.,USD,NYQ,Technology,Computer Hardware
328,DF,N/A,N/A,N/A,N/A,N/A
329,DFS,Discover Financial Services,USD,NYQ,Financial Services,Credit Services
330,DG,Dollar General Corporation,USD,NYQ,Consumer Defensive,Discount Stores
331,DG,Dollar General Corporation,USD,NYQ,Consumer Defensive,Discount Stores
332,DGN,N/A,N/A,YHD,N/A,N/A
333,DGX,Quest Diagnostics Incorporated,USD,NYQ,Healthcare,Diagnostics & Research
334,DHI,"D.R. Horton, Inc.",USD,NYQ,Consumer Cyclical,Residential Construction
335,DHR,Danaher Corporation,USD,NYQ,Healthcare,Diagnostics & Research
336,DI,PIMCO Diversified Income Active ETF,USD,YHD,N/A,N/A
337,DIGI,"digitiliti, Inc.",USD,OEM,Communication Services,Publishing
338,DIS,The Walt Disney Company,USD,NYQ,Communication Services,Entertainment
339,DISCA,N/A,N/A,N/A,N/A,N/A
340,DISCK,N/A,N/A,N/A,N/A,N/A
341,DISH,N/A,N/A,N/A,N/A,N/A
342,DJ,N/A,N/A,YHD,N/A,N/A
343,DLR,"Digital Realty Trust, Inc.",USD,NYQ,Real Estate,REIT - Specialty
344,DLTR,"Dollar Tree, Inc.",USD,NMS,Consumer Defensive,Discount Stores
345,DLX,Deluxe Corporation,USD,NYQ,Industrials,Conglomerates
346,DNB,"Dun & Bradstreet Holdings, Inc.",USD,NYQ,Financial Services,Financial Data & Stock Exchanges
347,DNR,N/A,N/A,N/A,N/A,N/A
348,DO,N/A,N/A,N/A,N/A,N/A
349,DOC,"Healthpeak Properties, Inc.",USD,NYQ,Real Estate,REIT - Healthcare Facilities
350,DOV,Dover Corporation,USD,NYQ,Industrials,Specialty Industrial Machinery
351,DOW,Dow Inc.,USD,NYQ,Basic Materials,Chemicals
352,DOW,Dow Inc.,USD,NYQ,Basic Materials,Chemicals
353,DPHIQ,N/A,N/A,N/A,N/A,N/A
354,DPZ,"Domino's Pizza, Inc.",USD,NMS,Consumer Cyclical,Restaurants
355,DRE,N/A,N/A,N/A,N/A,N/A
356,DRI,"Darden Restaurants, Inc.",USD,NYQ,Consumer Cyclical,Restaurants
357,DTE,DTE Energy Company,USD,NYQ,Utilities,Utilities - Regulated Electric
358,DTV,N/A,N/A,N/A,N/A,N/A
359,DUK,Duke Energy Corporation,USD,NYQ,Utilities,Utilities - Regulated Electric
360,DVA,DaVita Inc.,USD,NYQ,Healthcare,Medical Care Facilities
361,DVN,Devon Energy Corporation,USD,NYQ,Energy,Oil & Gas E&P
362,DWD,N/A,N/A,NMS,N/A,N/A
363,DWDP,N/A,N/A,N/A,N/A,N/A
364,DXC,DXC Technology Company,USD,NYQ,Technology,Information Technology Services
365,DXC,DXC Technology Company,USD,NYQ,Technology,Information Technology Services
366,DXCM,"DexCom, Inc.",USD,NMS,Healthcare,Medical Devices
367,DYN,"Dyne Therapeutics, Inc.",USD,NMS,Healthcare,Biotechnology
368,EA,Electronic Arts Inc.,USD,NMS,Communication Services,Electronic Gaming & Multimedia
369,EBAY,eBay Inc.,USD,NMS,Consumer Cyclical,Internet Retail
370,EC,Ecopetrol S.A.,USD,NYQ,Energy,Oil & Gas Integrated
371,ECH,iShares MSCI Chile ETF,USD,BTS,N/A,N/A
372,ECL,Ecolab Inc.,USD,NYQ,Basic Materials,Specialty Chemicals
373,ECO,Okeanis Eco Tankers Corp.,USD,NYQ,Industrials,Marine Shipping
374,ED,"Consolidated Edison, Inc.",USD,NYQ,Utilities,Utilities - Regulated Electric
375,EDS,N/A,N/A,YHD,N/A,N/A
376,EFU,ProShares UltraShort MSCI EAFE,USD,PCX,N/A,N/A
377,EFX,Equifax Inc.,USD,NYQ,Industrials,Consulting Services
378,EG,"Everest Group, Ltd.",USD,NYQ,Financial Services,Insurance - Reinsurance
379,EHC,Encompass Health Corporation,USD,NYQ,Healthcare,Medical Care Facilities
380,EIX,Edison International,USD,NYQ,Utilities,Utilities - Regulated Electric
381,EKDKQ,N/A,N/A,N/A,N/A,N/A
382,EL,The Estée Lauder Companies Inc.,USD,NYQ,Consumer Defensive,Household & Personal Products
383,ELV,"Elevance Health, Inc.",USD,NYQ,Healthcare,Healthcare Plans
384,EMC,Global X Emerging Markets Great Consumer ETF,USD,PCX,N/A,N/A
385,EMN,Eastman Chemical Company,USD,NYQ,Basic Materials,Specialty Chemicals
386,EMR,Emerson Electric Co.,USD,NYQ,Industrials,Specialty Industrial Machinery
387,ENDP,N/A,N/A,N/A,N/A,N/A
388,ENPH,"Enphase Energy, Inc.",USD,NGM,Technology,Solar
389,ENRNQ,N/A,N/A,YHD,N/A,N/A
390,ENS,EnerSys,USD,NYQ,Industrials,Electrical Equipment & Parts
391,EOG,"EOG Resources, Inc.",USD,NYQ,Energy,Oil & Gas E&P
392,EOP,N/A,N/A,YHD,N/A,N/A
393,EP,Empire Petroleum Corporation,USD,ASE,Energy,Oil & Gas E&P
394,EPAM,"EPAM Systems, Inc.",USD,NYQ,Technology,Information Technology Services
395,EQ,"Equillium, Inc.",USD,NCM,Healthcare,Biotechnology
396,EQIX,"Equinix, Inc.",USD,NMS,Real Estate,REIT - Specialty
397,EQR,Equity Residential,USD,NYQ,Real Estate,REIT - Residential
398,EQT,EQT Corporation,USD,NYQ,Energy,Oil & Gas E&P
399,EQT,EQT Corporation,USD,NYQ,Energy,Oil & Gas E&P
400,ERIE,Erie Indemnity Company,USD,NMS,Financial Services,Insurance Brokers
401,ES,Eversource Energy,USD,NYQ,Utilities,Utilities - Regulated Electric
402,ESRX,Express Scripts Holding Company,N/A,YHD,N/A,N/A
403,ESS,"Essex Property Trust, Inc.",USD,NYQ,Real Estate,REIT - Residential
404,ESV,N/A,N/A,N/A,N/A,N/A
405,ESV,N/A,N/A,N/A,N/A,N/A
406,ETFC,N/A,N/A,N/A,N/A,N/A
407,ETN,Eaton Corporation plc,USD,NYQ,Industrials,Specialty Industrial Machinery
408,ETR,Entergy Corporation,USD,NYQ,Utilities,Utilities - Regulated Electric
409,ETS,Elite Express Holding Inc,N/A,YHD,N/A,N/A
410,ETSY,"Etsy, Inc.",USD,NMS,Consumer Cyclical,Internet Retail
411,EVHC,Envision Healthcare Corporation,N/A,YHD,N/A,N/A
412,EVRG,"Evergy, Inc.",USD,NMS,Utilities,Utilities - Regulated Electric
413,EW,Edwards Lifesciences Corporation,USD,NYQ,Healthcare,Medical Devices
414,EXC,Exelon Corporation,USD,NMS,Utilities,Utilities - Regulated Electric
415,EXPD,"Expeditors International of Washington, Inc.",USD,NYQ,Industrials,Integrated Freight & Logistics
416,EXPE,"Expedia Group, Inc.",USD,NMS,Consumer Cyclical,Travel Services
417,EXR,Extra Space Storage Inc.,USD,NYQ,Real Estate,REIT - Industrial
418,F,Ford Motor Company,USD,NYQ,Consumer Cyclical,Auto Manufacturers
419,FANG,"Diamondback Energy, Inc.",USD,NMS,Energy,Oil & Gas E&P
420,FAST,Fastenal Company,USD,NMS,Industrials,Industrial Distribution
421,FB,ProShares S&P 500 Dynamic Daily Buffer ETF,USD,BTS,N/A,N/A
422,FBF,N/A,N/A,YHD,N/A,N/A
423,FBHS,N/A,N/A,N/A,N/A,N/A
424,FBO,N/A,N/A,NMS,N/A,N/A
425,FCN,"FTI Consulting, Inc.",USD,NYQ,Industrials,Consulting Services
426,FCPT,"Four Corners Property Trust, Inc.",USD,NYQ,Real Estate,REIT - Retail
427,FCX,Freeport-McMoRan Inc.,USD,NYQ,Basic Materials,Copper
428,FDC,N/A,N/A,N/A,N/A,N/A
429,FDO,N/A,N/A,YHD,N/A,N/A
430,FDS,FactSet Research Systems Inc.,USD,NYQ,Financial Services,Financial Data & Stock Exchanges
431,FDX,FedEx Corporation,USD,NYQ,Industrials,Integrated Freight & Logistics
432,FE,FirstEnergy Corp.,USD,NYQ,Utilities,Utilities - Regulated Electric
433,FFIV,"F5, Inc.",USD,NMS,Technology,Software - Infrastructure
434,FG,"F&G Annuities & Life, Inc.",USD,NYQ,Financial Services,Insurance - Life
435,FHN,First Horizon Corporation,USD,NYQ,Financial Services,Banks - Regional
436,FI,"Fiserv, Inc.",USD,NYQ,Technology,Information Technology Services
437,FICO,Fair Isaac Corporation,USD,NYQ,Technology,Software - Application
438,FII,N/A,N/A,N/A,N/A,N/A
439,FIS,"Fidelity National Information Services, Inc.",USD,NYQ,Technology,Information Technology Services
440,FISV,N/A,N/A,N/A,N/A,N/A
441,FITB,Fifth Third Bancorp,USD,NMS,Financial Services,Banks - Regional
442,FJ,N/A,N/A,YHD,N/A,N/A
443,FL,"Foot Locker, Inc.",USD,NYQ,Consumer Cyclical,Apparel Retail
444,FL,"Foot Locker, Inc.",USD,NYQ,Consumer Cyclical,Apparel Retail
445,FLIR,N/A,N/A,N/A,N/A,N/A
446,FLMIQ,N/A,N/A,YHD,N/A,N/A
447,FLR,Fluor Corporation,USD,NYQ,Industrials,Engineering & Construction
448,FLS,Flowserve Corporation,USD,NYQ,Industrials,Specialty Industrial Machinery
449,FLT,N/A,N/A,N/A,N/A,N/A
450,FLTWQ,N/A,N/A,N/A,N/A,N/A
451,FMC,FMC Corporation,USD,NYQ,Basic Materials,Agricultural Inputs
452,FMC,FMC Corporation,USD,NYQ,Basic Materials,Agricultural Inputs
453,FMCC,Federal Home Loan Mortgage Corporation,USD,OQB,Financial Services,Mortgage Finance
454,FMY,First Trust Mortgage Income Fund,USD,NYQ,Financial Services,Asset Management
455,FNMA,Federal National Mortgage Association,USD,OQB,Financial Services,Mortgage Finance
456,FOSL,"Fossil Group, Inc.",USD,NMS,Consumer Cyclical,Footwear & Accessories
457,FOX,Fox Corporation,USD,NMS,Communication Services,Entertainment
458,FOXA,Fox Corporation,USD,NMS,Communication Services,Entertainment
459,FPC,N/A,N/A,YHD,N/A,N/A
460,FRC,N/A,N/A,NYQ,N/A,N/A
461,FRO,Frontline plc,USD,NYQ,Energy,Oil & Gas Midstream
462,FRT,Federal Realty Investment Trust,USD,NYQ,Real Estate,REIT - Retail
463,FRX,N/A,N/A,NYQ,N/A,N/A
464,FSH,N/A,N/A,YHD,N/A,N/A
465,FSL,N/A,N/A,YHD,N/A,N/A
466,FSLR,"First Solar, Inc.",USD,NMS,Technology,Solar
467,FSLR,"First Solar, Inc.",USD,NMS,Technology,Solar
468,FTI,TechnipFMC plc,USD,NYQ,Energy,Oil & Gas Equipment & Services
469,FTL.A,N/A,N/A,N/A,N/A,N/A
470,FTNT,"Fortinet, Inc.",USD,NMS,Technology,Software - Infrastructure
471,FTR,N/A,N/A,N/A,N/A,N/A
472,FTV,Fortive Corporation,USD,NYQ,Technology,Scientific & Technical Instruments
473,FWLT,N/A,N/A,YHD,N/A,N/A
474,G,Genpact Limited,USD,NYQ,Technology,Information Technology Services
475,GAPTQ,N/A,N/A,YHD,N/A,N/A
476,GAS,N/A,N/A,YHD,N/A,N/A
477,GAS,N/A,N/A,YHD,N/A,N/A
478,GD,General Dynamics Corporation,USD,NYQ,Industrials,Aerospace & Defense
479,GDDY,GoDaddy Inc.,USD,NYQ,Technology,Software - Infrastructure
480,GDT,N/A,N/A,YHD,N/A,N/A
481,GDW,N/A,N/A,YHD,N/A,N/A
482,GE,GE Aerospace,USD,NYQ,Industrials,Aerospace & Defense
483,GEHC,GE HealthCare Technologies Inc.,USD,NMS,Healthcare,Health Information Services
484,GEN,Gen Digital Inc.,USD,NMS,Technology,Software - Infrastructure
485,GENZ,N/A,N/A,YHD,N/A,N/A
486,GEV,GE Vernova Inc.,USD,NYQ,Industrials,Specialty Industrial Machinery
487,GFS.A,N/A,N/A,N/A,N/A,N/A
488,GGP,GGP Inc.,0.5,YHD,N/A,N/A
489,GGP,GGP Inc.,0.5,YHD,N/A,N/A
490,GHC,Graham Holdings Company,USD,NYQ,Consumer Defensive,Education & Training Services
491,GIDL,N/A,N/A,N/A,N/A,N/A
492,GILD,"Gilead Sciences, Inc.",USD,NMS,Healthcare,Drug Manufacturers - General
493,GIS,"General Mills, Inc.",USD,NYQ,Consumer Defensive,Packaged Foods
494,GL,Globe Life Inc.,USD,NYQ,Financial Services,Insurance - Life
495,GLD,SPDR Gold Shares,USD,PCX,N/A,N/A
496,GLK,N/A,N/A,YHD,N/A,N/A
497,GLW,Corning Incorporated,USD,NYQ,Technology,Electronic Components
498,GM,General Motors Company,USD,NYQ,Consumer Cyclical,Auto Manufacturers
499,GMCR,N/A,N/A,YHD,N/A,N/A
500,GME,GameStop Corp.,USD,NYQ,Consumer Cyclical,Specialty Retail
501,GNRC,Generac Holdings Inc.,USD,NYQ,Industrials,Specialty Industrial Machinery
502,GNT,"GAMCO Natural Resources, Gold & Income Trust",USD,NYQ,Financial Services,Asset Management
503,GNW,"Genworth Financial, Inc.",USD,NYQ,Financial Services,Insurance - Life
504,GOOG,Alphabet Inc.,USD,NMS,Communication Services,Internet Content & Information
505,GOOGL,Alphabet Inc.,USD,NMS,Communication Services,Internet Content & Information
506,GP,GreenPower Motor Company Inc.,USD,NCM,Industrials,Farm & Heavy Construction Machinery
507,GPC,Genuine Parts Company,USD,NYQ,Consumer Cyclical,Auto Parts
508,GPN,Global Payments Inc.,USD,NYQ,Industrials,Specialty Business Services
509,GPS,N/A,N/A,N/A,N/A,N/A
510,GPU,N/A,N/A,YHD,N/A,N/A
511,GR,N/A,N/A,YHD,N/A,N/A
512,GRA,N/A,N/A,N/A,N/A,N/A
513,GRMN,Garmin Ltd.,USD,NYQ,Technology,Scientific & Technical Instruments
514,GRN,iPath Series B Carbon ETN,USD,PCX,N/A,N/A
515,GS,"The Goldman Sachs Group, Inc.",USD,NYQ,Financial Services,Capital Markets
516,GSX,N/A,N/A,N/A,N/A,N/A
517,GT,The Goodyear Tire & Rubber Company,USD,NMS,Consumer Cyclical,Auto Parts
518,GTE,Gran Tierra Energy Inc.,USD,ASE,Energy,Oil & Gas E&P
519,GTW,N/A,N/A,YHD,N/A,N/A
520,GWF,N/A,N/A,YHD,N/A,N/A
521,GWW,"W.W. Grainger, Inc.",USD,NYQ,Industrials,Industrial Distribution
522,GX,N/A,N/A,YHD,N/A,N/A
523,H,Hyatt Hotels Corporation,USD,NYQ,Consumer Cyclical,Lodging
524,H,Hyatt Hotels Corporation,USD,NYQ,Consumer Cyclical,Lodging
525,HAL,Halliburton Company,USD,NYQ,Energy,Oil & Gas Equipment & Services
526,HAR,N/A,N/A,YHD,N/A,N/A
527,HAS,"Hasbro, Inc.",USD,NMS,Consumer Cyclical,Leisure
528,HBAN,Huntington Bancshares Incorporated,USD,NMS,Financial Services,Banks - Regional
529,HBI,Hanesbrands Inc.,USD,NYQ,Consumer Cyclical,Apparel Manufacturing
530,HBOC,N/A,N/A,YHD,N/A,N/A
531,HCA,"HCA Healthcare, Inc.",USD,NYQ,Healthcare,Medical Care Facilities
532,HCA,"HCA Healthcare, Inc.",USD,NYQ,Healthcare,Medical Care Facilities
533,HCBK,N/A,N/A,YHD,N/A,N/A
534,HCP,N/A,N/A,N/A,N/A,N/A
535,HCR,N/A,N/A,N/A,N/A,N/A
536,HD,"The Home Depot, Inc.",USD,NYQ,Consumer Cyclical,Home Improvement Retail
537,HDLM,N/A,N/A,N/A,N/A,N/A
538,HES,Hess Corporation,USD,NYQ,Energy,Oil & Gas E&P
539,HET,N/A,N/A,YHD,N/A,N/A
540,HFC,N/A,N/A,N/A,N/A,N/A
541,HFS,N/A,N/A,NMS,N/A,N/A
542,HI,"Hillenbrand, Inc.",USD,NYQ,Industrials,Specialty Industrial Machinery
543,HIG,"The Hartford Insurance Group, Inc.",USD,NYQ,Financial Services,Insurance - Property & Casualty
544,HII,"Huntington Ingalls Industries, Inc.",USD,NYQ,Industrials,Aerospace & Defense
545,HLT,Hilton Worldwide Holdings Inc.,USD,NYQ,Consumer Cyclical,Lodging
546,HLT,Hilton Worldwide Holdings Inc.,USD,NYQ,Consumer Cyclical,Lodging
547,HM,N/A,N/A,YHD,N/A,N/A
548,HMA,N/A,N/A,N/A,N/A,N/A
549,HNZ,N/A,N/A,YHD,N/A,N/A
550,HOG,"Harley-Davidson, Inc.",USD,NYQ,Consumer Cyclical,Recreational Vehicles
551,HOLX,"Hologic, Inc.",USD,NMS,Healthcare,Medical Instruments & Supplies
552,HON,Honeywell International Inc.,USD,NMS,Industrials,Conglomerates
553,HOT,N/A,N/A,YHD,N/A,N/A
554,HP,"Helmerich & Payne, Inc.",USD,NYQ,Energy,Oil & Gas Drilling
555,HP,"Helmerich & Payne, Inc.",USD,NYQ,Energy,Oil & Gas Drilling
556,HPC,N/A,N/A,YHD,N/A,N/A
557,HPE,Hewlett Packard Enterprise Company,USD,NYQ,Technology,Communication Equipment
558,HPH,N/A,N/A,N/A,N/A,N/A
559,HPQ,HP Inc.,USD,NYQ,Technology,Computer Hardware
560,HRB,"H&R Block, Inc.",USD,NYQ,Consumer Cyclical,Personal Services
561,HRL,Hormel Foods Corporation,USD,NYQ,Consumer Defensive,Packaged Foods
562,HRS,N/A,N/A,N/A,N/A,N/A
563,HRS,N/A,N/A,N/A,N/A,N/A
564,HSH,N/A,N/A,YHD,N/A,N/A
565,HSIC,"Henry Schein, Inc.",USD,NMS,Healthcare,Medical Distribution
566,HSP,N/A,N/A,YHD,N/A,N/A
567,HST,"Host Hotels & Resorts, Inc.",USD,NMS,Real Estate,REIT - Hotel & Motel
568,HSY,The Hershey Company,USD,NYQ,Consumer Defensive,Confectioners
569,HUBB,Hubbell Incorporated,USD,NYQ,Industrials,Electrical Equipment & Parts
570,HUM,Humana Inc.,USD,NYQ,Healthcare,Healthcare Plans
571,HWM,Howmet Aerospace Inc.,USD,NYQ,Industrials,Aerospace & Defense
572,I,N/A,N/A,N/A,N/A,N/A
573,IAC,IAC Inc.,USD,NMS,Communication Services,Internet Content & Information
574,IBM,International Business Machines Corporation,USD,NYQ,Technology,Information Technology Services
575,ICE,"Intercontinental Exchange, Inc.",USD,NYQ,Financial Services,Financial Data & Stock Exchanges
576,IDXX,"IDEXX Laboratories, Inc.",USD,NMS,Healthcare,Diagnostics & Research
577,IEX,IDEX Corporation,USD,NYQ,Industrials,Specialty Industrial Machinery
578,IFF,International Flavors & Fragrances Inc.,USD,NYQ,Basic Materials,Specialty Chemicals
579,IGT,Brightstar Lottery PLC,USD,NYQ,Consumer Cyclical,Gambling
580,IKN,N/A,N/A,YHD,N/A,N/A
581,ILMN,"Illumina, Inc.",USD,NMS,Healthcare,Diagnostics & Research
582,IMNX,N/A,N/A,YHD,N/A,N/A
583,INCLF,N/A,N/A,N/A,N/A,N/A
584,INCY,Incyte Corporation,USD,NMS,Healthcare,Biotechnology
585,INFO,Harbor PanAgora Dynamic Large Cap Core ETF,USD,PCX,N/A,N/A
586,INGR,Ingredion Incorporated,USD,NYQ,Consumer Defensive,Packaged Foods
587,INTC,Intel Corporation,USD,NMS,Technology,Semiconductors
588,INTU,Intuit Inc.,USD,NMS,Technology,Software - Application
589,INVH,Invitation Homes Inc.,USD,NYQ,Real Estate,REIT - Residential
590,IP,International Paper Company,USD,NYQ,Consumer Cyclical,Packaging & Containers
591,IPG,"The Interpublic Group of Companies, Inc.",USD,NYQ,Communication Services,Advertising Agencies
592,IPGP,IPG Photonics Corporation,USD,NMS,Technology,Semiconductor Equipment & Materials
593,IQV,IQVIA Holdings Inc.,USD,NYQ,Healthcare,Diagnostics & Research
594,IR,Ingersoll Rand Inc.,USD,NYQ,Industrials,Specialty Industrial Machinery
595,IR,Ingersoll Rand Inc.,USD,NYQ,Industrials,Specialty Industrial Machinery
596,IRM,Iron Mountain Incorporated,USD,NYQ,Real Estate,REIT - Specialty
597,ISRG,"Intuitive Surgical, Inc.",USD,NMS,Healthcare,Medical Instruments & Supplies
598,IT,"Gartner, Inc.",USD,NYQ,Technology,Information Technology Services
599,ITT,ITT Inc.,USD,NYQ,Industrials,Specialty Industrial Machinery
600,ITW,Illinois Tool Works Inc.,USD,NYQ,Industrials,Specialty Industrial Machinery
601,IVZ,Invesco Ltd.,USD,NYQ,Financial Services,Asset Management
602,J,Jacobs Solutions Inc.,USD,NYQ,Industrials,Engineering & Construction
603,JAVA,JPMorgan Active Value ETF,USD,PCX,N/A,N/A
604,JBHT,"J.B. Hunt Transport Services, Inc.",USD,NMS,Industrials,Integrated Freight & Logistics
605,JBL,Jabil Inc.,USD,NYQ,Technology,Electronic Components
606,JBL,Jabil Inc.,USD,NYQ,Technology,Electronic Components
607,JCI,Johnson Controls International plc,USD,NYQ,Industrials,Building Products & Equipment
608,JCP,N/A,N/A,N/A,N/A,N/A
609,JEC,N/A,N/A,N/A,N/A,N/A
610,JEF,Jefferies Financial Group Inc.,USD,NYQ,Financial Services,Capital Markets
611,JH,N/A,N/A,YHD,N/A,N/A
612,JHF,N/A,N/A,YHD,N/A,N/A
613,JKHY,"Jack Henry & Associates, Inc.",USD,NMS,Technology,Information Technology Services
614,JNJ,Johnson & Johnson,USD,NYQ,Healthcare,Drug Manufacturers - General
615,JNPR,"Juniper Networks, Inc.",USD,NYQ,Technology,Communication Equipment
616,JNS,N/A,N/A,YHD,N/A,N/A
617,JNY,N/A,N/A,YHD,N/A,N/A
618,JOS,N/A,N/A,NMS,N/A,N/A
619,JOY,N/A,N/A,YHD,N/A,N/A
620,JP,N/A,N/A,NYQ,N/A,N/A
621,JPM,JPMorgan Chase & Co.,USD,NYQ,Financial Services,Banks - Diversified
622,JWN,"Nordstrom, Inc.",USD,NYQ,Consumer Cyclical,Department Stores
623,K,Kellanova,USD,NYQ,Consumer Defensive,Packaged Foods
624,KATE,N/A,N/A,YHD,N/A,N/A
625,KBH,KB Home,USD,NYQ,Consumer Cyclical,Residential Construction
626,KDP,Keurig Dr Pepper Inc.,USD,NMS,Consumer Defensive,Beverages - Non-Alcoholic
627,KDP,Keurig Dr Pepper Inc.,USD,NMS,Consumer Defensive,Beverages - Non-Alcoholic
628,KEY,KeyCorp,USD,NYQ,Financial Services,Banks - Regional
629,KEYS,"Keysight Technologies, Inc.",USD,NYQ,Technology,Scientific & Technical Instruments
630,KG,Kestrel Group Ltd,USD,NCM,Financial Services,Insurance Brokers
631,KHC,The Kraft Heinz Company,USD,NMS,Consumer Defensive,Packaged Foods
632,KIM,Kimco Realty Corporation,USD,NYQ,Real Estate,REIT - Retail
633,KKR,KKR & Co. Inc.,USD,NYQ,Financial Services,Asset Management
634,KLAC,KLA Corporation,USD,NMS,Technology,Semiconductor Equipment & Materials
635,KM,N/A,N/A,YHD,N/A,N/A
636,KMB,Kimberly-Clark Corporation,USD,NMS,Consumer Defensive,Household & Personal Products
637,KMG,"KMG Chemicals, Inc.",N/A,YHD,N/A,N/A
638,KMI,"Kinder Morgan, Inc.",USD,NYQ,Energy,Oil & Gas Midstream
639,KMI,"Kinder Morgan, Inc.",USD,NYQ,Energy,Oil & Gas Midstream
640,KMX,"CarMax, Inc.",USD,NYQ,Consumer Cyclical,Auto & Truck Dealerships
641,KO,The Coca-Cola Company,USD,NYQ,Consumer Defensive,Beverages - Non-Alcoholic
642,KORS,Michael Kors Holdings Limited,N/A,YHD,N/A,N/A
643,KR,The Kroger Co.,USD,NYQ,Consumer Defensive,Grocery Stores
644,KRB,N/A,N/A,YHD,N/A,N/A
645,KRFT,N/A,N/A,YHD,N/A,N/A
646,KRI,N/A,N/A,YHD,N/A,N/A
647,KSE,N/A,N/A,YHD,N/A,N/A
648,KSS,Kohl's Corporation,USD,NYQ,Consumer Cyclical,Department Stores
649,KSU,N/A,N/A,N/A,N/A,N/A
650,KSU,N/A,N/A,N/A,N/A,N/A
651,KVUE,Kenvue Inc.,USD,NYQ,Consumer Defensive,Household & Personal Products
652,KWP,N/A,N/A,YHD,N/A,N/A
653,L,Loews Corporation,USD,NYQ,Financial Services,Insurance - Property & Casualty
654,LB,LandBridge Company LLC,USD,NYQ,Energy,Oil & Gas Equipment & Services
655,LDG,N/A,N/A,YHD,N/A,N/A
656,LDOS,"Leidos Holdings, Inc.",USD,NYQ,Technology,Information Technology Services
657,LDOS,"Leidos Holdings, Inc.",USD,NYQ,Technology,Information Technology Services
658,LDW.B,N/A,N/A,N/A,N/A,N/A
659,LEG,"Leggett & Platt, Incorporated",USD,NYQ,Consumer Cyclical,"Furnishings, Fixtures & Appliances"
660,LEHMQ,N/A,N/A,YHD,N/A,N/A
661,LEN,Lennar Corporation,USD,NYQ,Consumer Cyclical,Residential Construction
662,LH,Labcorp Holdings Inc.,USD,NYQ,Healthcare,Diagnostics & Research
663,LHX,"L3Harris Technologies, Inc.",USD,NYQ,Industrials,Aerospace & Defense
664,LIFE,N/A,N/A,N/A,N/A,N/A
665,LII,Lennox International Inc.,USD,NYQ,Industrials,Building Products & Equipment
666,LIN,Linde plc,USD,NMS,Basic Materials,Specialty Chemicals
667,LKQ,LKQ Corporation,USD,NMS,Consumer Cyclical,Auto Parts
668,LLL,N/A,N/A,N/A,N/A,N/A
669,LLTC,N/A,N/A,YHD,N/A,N/A
670,LLX,N/A,N/A,NMS,N/A,N/A
671,LLY,Eli Lilly and Company,USD,NYQ,Healthcare,Drug Manufacturers - General
672,LM,N/A,N/A,N/A,N/A,N/A
673,LMT,Lockheed Martin Corporation,USD,NYQ,Industrials,Aerospace & Defense
674,LNC,Lincoln National Corporation,USD,NYQ,Financial Services,Insurance - Life
675,LNT,Alliant Energy Corporation,USD,NMS,Utilities,Utilities - Regulated Electric
676,LO,N/A,N/A,YHD,N/A,N/A
677,LOR,N/A,N/A,N/A,N/A,N/A
678,LOW,"Lowe's Companies, Inc.",USD,NYQ,Consumer Cyclical,Home Improvement Retail
679,LPX,Louisiana-Pacific Corporation,USD,NYQ,Industrials,Building Products & Equipment
680,LRCX,Lam Research Corporation,USD,NMS,Technology,Semiconductor Equipment & Materials
681,LSI,N/A,N/A,N/A,N/A,N/A
682,LU,Lufax Holding Ltd,USD,NYQ,Financial Services,Credit Services
683,LUB,N/A,N/A,NYQ,N/A,N/A
684,LULU,lululemon athletica inc.,USD,NMS,Consumer Cyclical,Apparel Retail
685,LUMN,"Lumen Technologies, Inc.",USD,NYQ,Communication Services,Telecom Services
686,LUV,Southwest Airlines Co.,USD,NYQ,Industrials,Airlines
687,LVLT,N/A,N/A,YHD,N/A,N/A
688,LVS,Las Vegas Sands Corp.,USD,NYQ,Consumer Cyclical,Resorts & Casinos
689,LW,"Lamb Weston Holdings, Inc.",USD,NYQ,Consumer Defensive,Packaged Foods
690,LXK,N/A,N/A,YHD,N/A,N/A
691,LYB,LyondellBasell Industries N.V.,USD,NYQ,Basic Materials,Specialty Chemicals
692,LYV,"Live Nation Entertainment, Inc.",USD,NYQ,Communication Services,Entertainment
693,M,"Macy's, Inc.",USD,NYQ,Consumer Cyclical,Department Stores
694,MA,Mastercard Incorporated,USD,NYQ,Financial Services,Credit Services
695,MAA,"Mid-America Apartment Communities, Inc.",USD,NYQ,Real Estate,REIT - Residential
696,MAC,The Macerich Company,USD,NYQ,Real Estate,REIT - Retail
697,MAR,"Marriott International, Inc.",USD,NMS,Consumer Cyclical,Lodging
698,MAS,Masco Corporation,USD,NYQ,Industrials,Building Products & Equipment
699,MAT,"Mattel, Inc.",USD,NMS,Consumer Cyclical,Leisure
700,MAY,N/A,N/A,YHD,N/A,N/A
701,MBI,MBIA Inc.,USD,NYQ,Financial Services,Insurance - Specialty
702,MCD,McDonald's Corporation,USD,NYQ,Consumer Cyclical,Restaurants
703,MCHP,Microchip Technology Incorporated,USD,NMS,Technology,Semiconductors
704,MCIC,"MultiCorp International, Inc.",USD,PNK,Healthcare,Drug Manufacturers - Specialty & Generic
705,MCK,McKesson Corporation,USD,NYQ,Healthcare,Medical Distribution
706,MCO,Moody's Corporation,USD,NYQ,Financial Services,Financial Data & Stock Exchanges
707,MD,"Pediatrix Medical Group, Inc.",USD,NYQ,Healthcare,Medical Care Facilities
708,MDLZ,"Mondelez International, Inc.",USD,NMS,Consumer Defensive,Confectioners
709,MDP,N/A,N/A,N/A,N/A,N/A
710,MDR,N/A,N/A,N/A,N/A,N/A
711,MDT,Medtronic plc,USD,NYQ,Healthcare,Medical Devices
712,MEA,N/A,N/A,YHD,N/A,N/A
713,MEDI,Harbor Health Care ETF,USD,PCX,N/A,N/A
714,MEE,N/A,N/A,YHD,N/A,N/A
715,MEE,N/A,N/A,YHD,N/A,N/A
716,MEL,N/A,N/A,YHD,N/A,N/A
717,MER,Meren Energy Inc.,USD,PNK,N/A,N/A
718,MERQ,N/A,N/A,YHD,N/A,N/A
719,MET,"MetLife, Inc.",USD,NYQ,Financial Services,Insurance - Life
720,META,"Meta Platforms, Inc.",USD,NMS,Communication Services,Internet Content & Information
721,MFE,N/A,N/A,YHD,N/A,N/A
722,MGM,MGM Resorts International,USD,NYQ,Consumer Cyclical,Resorts & Casinos
723,MHK,"Mohawk Industries, Inc.",USD,NYQ,Consumer Cyclical,"Furnishings, Fixtures & Appliances"
724,MHS,Morningstar US Healthcare,N/A,YHD,N/A,N/A
725,MI,NFT Limited,USD,ASE,Consumer Cyclical,Internet Retail
726,MII,N/A,N/A,YHD,N/A,N/A
727,MIL,N/A,N/A,YHD,N/A,N/A
728,MIR,"Mirion Technologies, Inc.",USD,NYQ,Industrials,Specialty Industrial Machinery
729,MIR,"Mirion Technologies, Inc.",USD,NYQ,Industrials,Specialty Industrial Machinery
730,MJN,N/A,N/A,YHD,N/A,N/A
731,MKC,"McCormick & Company, Incorporated",USD,NYQ,Consumer Defensive,Packaged Foods
732,MKG,N/A,N/A,YHD,N/A,N/A
733,MKTX,MarketAxess Holdings Inc.,USD,NMS,Financial Services,Capital Markets
734,MLM,"Martin Marietta Materials, Inc.",USD,NYQ,Basic Materials,Building Materials
735,MMC,"Marsh & McLennan Companies, Inc.",USD,NYQ,Financial Services,Insurance Brokers
736,MMI,"Marcus & Millichap, Inc.",USD,NYQ,Real Estate,Real Estate Services
737,MMM,3M Company,USD,NYQ,Industrials,Conglomerates
738,MNK,N/A,N/A,ASE,N/A,N/A
739,MNR,N/A,USD,NYQ,Energy,Oil & Gas E&P
740,MNST,Monster Beverage Corporation,USD,NMS,Consumer Defensive,Beverages - Non-Alcoholic
741,MO,"Altria Group, Inc.",USD,NYQ,Consumer Defensive,Tobacco
742,MOB,Mobilicom Limited,USD,NCM,Industrials,Aerospace & Defense
743,MOH,"Molina Healthcare, Inc.",USD,NYQ,Healthcare,Healthcare Plans
744,MOLX,N/A,N/A,YHD,N/A,N/A
745,MON,N/A,N/A,N/A,N/A,N/A
746,MOS,The Mosaic Company,USD,NYQ,Basic Materials,Agricultural Inputs
747,MPC,Marathon Petroleum Corporation,USD,NYQ,Energy,Oil & Gas Refining & Marketing
748,MPWR,"Monolithic Power Systems, Inc.",USD,NMS,Technology,Semiconductors
749,MRK,"Merck & Co., Inc.",USD,NYQ,Healthcare,Drug Manufacturers - General
750,MRNA,"Moderna, Inc.",USD,NMS,Healthcare,Biotechnology
751,MRO,N/A,N/A,N/A,N/A,N/A
752,MS,Morgan Stanley,USD,NYQ,Financial Services,Capital Markets
753,MSCI,MSCI Inc.,USD,NYQ,Financial Services,Financial Data & Stock Exchanges
754,MSFT,Microsoft Corporation,USD,NMS,Technology,Software - Infrastructure
755,MSI,"Motorola Solutions, Inc.",USD,NYQ,Technology,Communication Equipment
756,MST,Defiance Leveraged Long + Income MSTR ETF,USD,NGM,N/A,N/A
757,MTB,M&T Bank Corporation,USD,NYQ,Financial Services,Banks - Regional
758,MTCH,"Match Group, Inc.",USD,NMS,Communication Services,Internet Content & Information
759,MTD,Mettler-Toledo International Inc.,USD,NYQ,Healthcare,Diagnostics & Research
760,MTG,MGIC Investment Corporation,USD,NYQ,Financial Services,Insurance - Specialty
761,MTL,N/A,N/A,NYQ,N/A,N/A
762,MTLQQ,N/A,N/A,YHD,N/A,N/A
763,MTW,"The Manitowoc Company, Inc.",USD,NYQ,Industrials,Farm & Heavy Construction Machinery
764,MU,"Micron Technology, Inc.",USD,NMS,Technology,Semiconductors
765,MUR,Murphy Oil Corporation,USD,NYQ,Energy,Oil & Gas E&P
766,MWI,N/A,N/A,YHD,N/A,N/A
767,MWV,N/A,N/A,YHD,N/A,N/A
768,MWW,N/A,N/A,YHD,N/A,N/A
769,MXIM,N/A,N/A,N/A,N/A,N/A
770,MXIM,N/A,N/A,N/A,N/A,N/A
771,MYG,N/A,N/A,YHD,N/A,N/A
772,MYL,N/A,N/A,N/A,N/A,N/A
773,MZIAQ,N/A,N/A,N/A,N/A,N/A
774,NAE,N/A,N/A,NMS,N/A,N/A
775,NAV,N/A,N/A,N/A,N/A,N/A
776,NAVI,Navient Corporation,USD,NMS,Financial Services,Credit Services
777,NBL,N/A,N/A,N/A,N/A,N/A
778,NBR,Nabors Industries Ltd.,USD,NYQ,Energy,Oil & Gas Drilling
779,NC,"NACCO Industries, Inc.",USD,NYQ,Energy,Thermal Coal
780,NCC,N/A,N/A,YHD,N/A,N/A
781,NCE,N/A,N/A,YHD,N/A,N/A
782,NCLH,Norwegian Cruise Line Holdings Ltd.,USD,NYQ,Consumer Cyclical,Travel Services
783,NCR,N/A,N/A,N/A,N/A,N/A
784,NDAQ,"Nasdaq, Inc.",USD,NMS,Financial Services,Financial Data & Stock Exchanges
785,NDSN,Nordson Corporation,USD,NMS,Industrials,Specialty Industrial Machinery
786,NE,Noble Corporation plc,USD,NYQ,Energy,Oil & Gas Drilling
787,NE,Noble Corporation plc,USD,NYQ,Energy,Oil & Gas Drilling
788,NEE,"NextEra Energy, Inc.",USD,NYQ,Utilities,Utilities - Regulated Electric
789,NEM,Newmont Corporation,USD,NYQ,Basic Materials,Gold
790,NFB,N/A,N/A,YHD,N/A,N/A
791,NFLX,"Netflix, Inc.",USD,NMS,Communication Services,Entertainment
792,NFX,Newfield Exploration Company,N/A,YHD,N/A,N/A
793,NGH,N/A,N/A,YHD,N/A,N/A
794,NI,NiSource Inc.,USD,NYQ,Utilities,Utilities - Regulated Gas
795,NKE,"NIKE, Inc.",USD,NYQ,Consumer Cyclical,Footwear & Accessories
796,NKTR,Nektar Therapeutics,USD,NCM,Healthcare,Biotechnology
797,NLC,N/A,N/A,YHD,N/A,N/A
798,NLOK,N/A,N/A,N/A,N/A,N/A
799,NLSN,N/A,N/A,NYQ,N/A,N/A
800,NLV,N/A,N/A,NMS,N/A,N/A
801,NMK,N/A,N/A,YHD,N/A,N/A
802,NOC,Northrop Grumman Corporation,USD,NYQ,Industrials,Aerospace & Defense
803,NOV,NOV Inc.,USD,NYQ,Energy,Oil & Gas Equipment & Services
804,NOVL,N/A,N/A,YHD,N/A,N/A
805,NOW,"ServiceNow, Inc.",USD,NYQ,Technology,Software - Application
806,NRG,"NRG Energy, Inc.",USD,NYQ,Utilities,Utilities - Independent Power Producers
807,NRTLQ,N/A,N/A,N/A,N/A,N/A
808,NSC,Norfolk Southern Corporation,USD,NYQ,Industrials,Railroads
809,NSI,National Security Emerging Markets Index ETF,USD,NGM,N/A,N/A
810,NSM,Nationstar Mortgage Holdings Inc.,N/A,YHD,N/A,N/A
811,NTAP,"NetApp, Inc.",USD,NMS,Technology,Computer Hardware
812,NTRS,Northern Trust Corporation,USD,NMS,Financial Services,Asset Management
813,NUE,Nucor Corporation,USD,NYQ,Basic Materials,Steel
814,NVDA,NVIDIA Corporation,USD,NMS,Technology,Semiconductors
815,NVLS,N/A,N/A,YHD,N/A,N/A
816,NVR,"NVR, Inc.",USD,NYQ,Consumer Cyclical,Residential Construction
817,NWL,Newell Brands Inc.,USD,NMS,Consumer Defensive,Household & Personal Products
818,NWS,News Corporation,USD,NMS,Communication Services,Entertainment
819,NWSA,News Corporation,USD,NMS,Communication Services,Entertainment
820,NXPI,NXP Semiconductors N.V.,USD,NMS,Technology,Semiconductors
821,NXTL,N/A,N/A,YHD,N/A,N/A
822,NYN,N/A,N/A,NMS,N/A,N/A
823,NYT,The New York Times Company,USD,NYQ,Communication Services,Publishing
824,NYX,"NYIAX, Inc. Common Stock",N/A,NAS,N/A,N/A
825,O,Realty Income Corporation,USD,NYQ,Real Estate,REIT - Retail
826,OAT,N/A,N/A,YHD,N/A,N/A
827,ODFL,"Old Dominion Freight Line, Inc.",USD,NMS,Industrials,Trucking
828,ODP,The ODP Corporation,USD,NMS,Consumer Cyclical,Specialty Retail
829,OGN,Organon & Co.,USD,NYQ,Healthcare,Drug Manufacturers - General
830,OI,"O-I Glass, Inc.",USD,NYQ,Consumer Cyclical,Packaging & Containers
831,OI,"O-I Glass, Inc.",USD,NYQ,Consumer Cyclical,Packaging & Containers
832,OK,N/A,N/A,YHD,N/A,N/A
833,OKE,"ONEOK, Inc.",USD,NYQ,Energy,Oil & Gas Midstream
834,OKE,"ONEOK, Inc.",USD,NYQ,Energy,Oil & Gas Midstream
835,OM,"Outset Medical, Inc.",USD,NMS,Healthcare,Medical Devices
836,OMC,Omnicom Group Inc.,USD,NYQ,Communication Services,Advertising Agencies
837,OMX,N/A,N/A,YHD,N/A,N/A
838,ON,ON Semiconductor Corporation,USD,NMS,Technology,Semiconductors
839,ONE,N/A,N/A,N/A,N/A,N/A
840,ORCL,Oracle Corporation,USD,NYQ,Technology,Software - Infrastructure
841,ORLY,"O'Reilly Automotive, Inc.",USD,NMS,Consumer Cyclical,Auto Parts
842,ORX,N/A,N/A,YHD,N/A,N/A
843,OTIS,Otis Worldwide Corporation,USD,NYQ,Industrials,Specialty Industrial Machinery
844,OWENQ,N/A,N/A,YHD,N/A,N/A
845,OXY,Occidental Petroleum Corporation,USD,NYQ,Energy,Oil & Gas E&P
846,PAC,"Grupo Aeroportuario del Pacífico, S.A.B. de C.V.",USD,NYQ,Industrials,Airports & Air Services
847,PALM,N/A,N/A,YHD,N/A,N/A
848,PANW,"Palo Alto Networks, Inc.",USD,NMS,Technology,Software - Infrastructure
849,PARA,Paramount Global,USD,NMS,Communication Services,Entertainment
850,PAS,N/A,N/A,YHD,N/A,N/A
851,PAYC,"Paycom Software, Inc.",USD,NYQ,Technology,Software - Application
852,PAYX,"Paychex, Inc.",USD,NMS,Technology,Software - Application
853,PBCT,N/A,N/A,N/A,N/A,N/A
854,PBG,N/A,N/A,YHD,N/A,N/A
855,PBI,Pitney Bowes Inc.,USD,NYQ,Industrials,Integrated Freight & Logistics
856,PBY,Prospect Capital Corporation,USD,NYQ,N/A,N/A
857,PCAR,PACCAR Inc,USD,NMS,Industrials,Farm & Heavy Construction Machinery
858,PCG,PG&E Corporation,USD,NYQ,Utilities,Utilities - Regulated Electric
859,PCG,PG&E Corporation,USD,NYQ,Utilities,Utilities - Regulated Electric
860,PCH,PotlatchDeltic Corporation,USD,NMS,Real Estate,REIT - Specialty
861,PCL,N/A,N/A,YHD,N/A,N/A
862,PCP,N/A,N/A,YHD,N/A,N/A
863,PCS,N/A,N/A,YHD,N/A,N/A
864,PD,"PagerDuty, Inc.",USD,NYQ,Technology,Software - Application
865,PDCO,N/A,N/A,N/A,N/A,N/A
866,PDG,N/A,N/A,YHD,N/A,N/A
867,PEAK,N/A,N/A,N/A,N/A,N/A
868,PEG,Public Service Enterprise Group Incorporated,USD,NYQ,Utilities,Utilities - Regulated Electric
869,PEL,N/A,N/A,YHD,N/A,N/A
870,PENN,"PENN Entertainment, Inc.",USD,NMS,Consumer Cyclical,Resorts & Casinos
871,PEP,"PepsiCo, Inc.",USD,NMS,Consumer Defensive,Beverages - Non-Alcoholic
872,PET,Wag! Group Co.,USD,NGM,Technology,Software - Application
873,PETM,N/A,N/A,YHD,N/A,N/A
874,PFE,Pfizer Inc.,USD,NYQ,Healthcare,Drug Manufacturers - General
875,PFG,"Principal Financial Group, Inc.",USD,NMS,Financial Services,Asset Management
876,PG,The Procter & Gamble Company,USD,NYQ,Consumer Defensive,Household & Personal Products
877,PGL,Invesco Long Term Government Bond ETF,N/A,YHD,N/A,N/A
878,PGN,N/A,N/A,YHD,N/A,N/A
879,PGR,The Progressive Corporation,USD,NYQ,Financial Services,Insurance - Property & Casualty
880,PH,Parker-Hannifin Corporation,USD,NYQ,Industrials,Specialty Industrial Machinery
881,PHA,N/A,N/A,YHD,N/A,N/A
882,PHB,Invesco Fundamental High Yield Corporate Bond ETF,USD,PCX,N/A,N/A
883,PHM,"PulteGroup, Inc.",USD,NYQ,Consumer Cyclical,Residential Construction
884,PKG,Packaging Corporation of America,USD,NYQ,Consumer Cyclical,Packaging & Containers
885,PKI,N/A,N/A,N/A,N/A,N/A
886,PLD,"Prologis, Inc.",USD,NYQ,Real Estate,REIT - Industrial
887,PLL,Piedmont Lithium Inc.,USD,NCM,Basic Materials,Other Industrial Metals & Mining
888,PLTR,Palantir Technologies Inc.,USD,NMS,Technology,Software - Infrastructure
889,PM,Philip Morris International Inc.,USD,NYQ,Consumer Defensive,Tobacco
890,PMCS,N/A,N/A,YHD,N/A,N/A
891,PMI,Picard Medical Holdings Inc,N/A,YHD,N/A,N/A
892,PNC,"The PNC Financial Services Group, Inc.",USD,NYQ,Financial Services,Banks - Regional
893,PNR,Pentair plc,USD,NYQ,Industrials,Specialty Industrial Machinery
894,PNU,N/A,N/A,YHD,N/A,N/A
895,PNW,Pinnacle West Capital Corporation,USD,NYQ,Utilities,Utilities - Regulated Electric
896,PODD,Insulet Corporation,USD,NMS,Healthcare,Medical Devices
897,POM,Pomdoctor Ltd,N/A,YHD,N/A,N/A
898,POOL,Pool Corporation,USD,NMS,Industrials,Industrial Distribution
899,PPG,"PPG Industries, Inc.",USD,NYQ,Basic Materials,Specialty Chemicals
900,PPL,PPL Corporation,USD,NYQ,Utilities,Utilities - Regulated Electric
901,PPW,N/A,N/A,YHD,N/A,N/A
902,PRD,N/A,N/A,YHD,N/A,N/A
903,PRGO,Perrigo Company plc,USD,NYQ,Healthcare,Drug Manufacturers - Specialty & Generic
904,PRU,"Prudential Financial, Inc.",USD,NYQ,Financial Services,Insurance - Life
905,PSA,Public Storage,USD,NYQ,Real Estate,REIT - Industrial
906,PSFT,N/A,N/A,N/A,N/A,N/A
907,PSX,Phillips 66,USD,NYQ,Energy,Oil & Gas Refining & Marketing
908,PTC,PTC Inc.,USD,NMS,Technology,Software - Application
909,PTC,PTC Inc.,USD,NMS,Technology,Software - Application
910,PTV,N/A,N/A,YHD,N/A,N/A
911,PVH,PVH Corp.,USD,NYQ,Consumer Cyclical,Apparel Manufacturing
912,PVN,N/A,N/A,YHD,N/A,N/A
913,PVT,N/A,N/A,N/A,N/A,N/A
914,PWER,Macquarie Energy Transition ETF,USD,PCX,N/A,N/A
915,PWJ,Invesco S&amp;P MidCap Momentum ETF,N/A,YHD,N/A,N/A
916,PWR,"Quanta Services, Inc.",USD,NYQ,Industrials,Engineering & Construction
917,PX,"P10, Inc.",USD,NYQ,Financial Services,Asset Management
918,PXD,N/A,N/A,N/A,N/A,N/A
919,PYPL,"PayPal Holdings, Inc.",USD,NMS,Financial Services,Credit Services
920,PZE,N/A,N/A,YHD,N/A,N/A
921,Q,Qnity Electronics Inc,N/A,YHD,N/A,N/A
922,QCOM,QUALCOMM Incorporated,USD,NMS,Technology,Semiconductors
923,QEP,N/A,N/A,N/A,N/A,N/A
924,QLGC,N/A,N/A,YHD,N/A,N/A
925,QRVO,"Qorvo, Inc.",USD,NMS,Technology,Semiconductors
926,QTRN,N/A,N/A,YHD,N/A,N/A
927,R,"Ryder System, Inc.",USD,NYQ,Industrials,Rental & Leasing Services
928,RAD,N/A,N/A,NYQ,N/A,N/A
929,RAI,N/A,N/A,YHD,N/A,N/A
930,RAL,Ralliant Corporation,USD,NYQ,N/A,N/A
931,RATL,N/A,N/A,YHD,N/A,N/A
932,RBD,N/A,N/A,YHD,N/A,N/A
933,RBK,N/A,N/A,YHD,N/A,N/A
934,RCL,Royal Caribbean Cruises Ltd.,USD,NYQ,Consumer Cyclical,Travel Services
935,RDC,N/A,N/A,N/A,N/A,N/A
936,RDS.A,N/A,N/A,N/A,N/A,N/A
937,RE,N/A,N/A,N/A,N/A,N/A
938,REG,Regency Centers Corporation,USD,NMS,Real Estate,REIT - Retail
939,REGN,"Regeneron Pharmaceuticals, Inc.",USD,NMS,Healthcare,Biotechnology
940,RF,Regions Financial Corporation,USD,NYQ,Financial Services,Banks - Regional
941,RHI,Robert Half Inc.,USD,NYQ,Industrials,Staffing & Employment Services
942,RHT,N/A,N/A,N/A,N/A,N/A
943,RIG,Transocean Ltd.,USD,NYQ,Energy,Oil & Gas Drilling
944,RIG,Transocean Ltd.,USD,NYQ,Energy,Oil & Gas Drilling
945,RJF,"Raymond James Financial, Inc.",USD,NYQ,Financial Services,Asset Management
946,RL,Ralph Lauren Corporation,USD,NYQ,Consumer Cyclical,Apparel Manufacturing
947,RLM,N/A,N/A,N/A,N/A,N/A
948,RMD,ResMed Inc.,USD,NYQ,Healthcare,Medical Instruments & Supplies
949,RML,N/A,N/A,YHD,N/A,N/A
950,RNB,N/A,N/A,YHD,N/A,N/A
951,ROH,N/A,N/A,YHD,N/A,N/A
952,ROK,"Rockwell Automation, Inc.",USD,NYQ,Industrials,Specialty Industrial Machinery
953,ROL,"Rollins, Inc.",USD,NYQ,Consumer Cyclical,Personal Services
954,ROP,"Roper Technologies, Inc.",USD,NMS,Technology,Software - Application
955,ROST,"Ross Stores, Inc.",USD,NMS,Consumer Cyclical,Apparel Retail
956,RRC,Range Resources Corporation,USD,NYQ,Energy,Oil & Gas E&P
957,RRD,N/A,N/A,N/A,N/A,N/A
958,RSG,"Republic Services, Inc.",USD,NYQ,Industrials,Waste Management
959,RSHCQ,N/A,N/A,YHD,N/A,N/A
960,RTN,N/A,N/A,N/A,N/A,N/A
961,RTX,RTX Corporation,USD,NYQ,Industrials,Aerospace & Defense
962,RVTY,"Revvity, Inc.",USD,NYQ,Healthcare,Diagnostics & Research
963,RX,N/A,N/A,YHD,N/A,N/A
964,RYAN,"Ryan Specialty Holdings, Inc.",USD,NYQ,Financial Services,Insurance - Specialty
965,RYC,N/A,N/A,YHD,N/A,N/A
966,RYI,Ryerson Holding Corporation,USD,NYQ,Industrials,Metal Fabrication
967,S,"SentinelOne, Inc.",USD,NYQ,Technology,Software - Infrastructure
968,SAF,N/A,USD,NYQ,N/A,N/A
969,SAI,N/A,N/A,N/A,N/A,N/A
970,SANM,Sanmina Corporation,USD,NMS,Technology,Electronic Components
971,SAPE,N/A,N/A,YHD,N/A,N/A
972,SB,"Safe Bulkers, Inc.",USD,NYQ,Industrials,Marine Shipping
973,SBAC,SBA Communications Corporation,USD,NMS,Real Estate,REIT - Specialty
974,SBL,N/A,N/A,YHD,N/A,N/A
975,SBNY,Signature Bank,USD,OEM,Financial Services,Banks - Regional
976,SBUX,Starbucks Corporation,USD,NMS,Consumer Cyclical,Restaurants
977,SCG,SCANA Corporation,N/A,YHD,N/A,N/A
978,SCHW,The Charles Schwab Corporation,USD,NYQ,Financial Services,Capital Markets
979,SCI,Service Corporation International,USD,NYQ,Consumer Cyclical,Personal Services
980,SDS,ProShares UltraShort S&P500,USD,PCX,N/A,N/A
981,SE,Sea Limited,USD,NYQ,Consumer Cyclical,Internet Retail
982,SEBL,N/A,N/A,YHD,N/A,N/A
983,SEDG,"SolarEdge Technologies, Inc.",USD,NMS,Technology,Solar
984,SEE,Sealed Air Corporation,USD,NYQ,Consumer Cyclical,Packaging & Containers
985,SEG,Seaport Entertainment Group Inc.,USD,NYQ,Real Estate,Real Estate Services
986,SFA,N/A,N/A,YHD,N/A,N/A
987,SFS,N/A,N/A,N/A,N/A,N/A
988,SGID,N/A,N/A,N/A,N/A,N/A
989,SGP,N/A,N/A,YHD,N/A,N/A
990,SHLD,Global X Defense Tech ETF,USD,PCX,N/A,N/A
991,SHN,N/A,N/A,N/A,N/A,N/A
992,SHW,The Sherwin-Williams Company,USD,NYQ,Basic Materials,Specialty Chemicals
993,SIAL,N/A,N/A,YHD,N/A,N/A
994,SIG,Signet Jewelers Limited,USD,NYQ,Consumer Cyclical,Luxury Goods
995,SII,Sprott Inc.,USD,NYQ,Financial Services,Asset Management
996,SIVB,N/A,N/A,N/A,N/A,N/A
997,SJM,The J. M. Smucker Company,USD,NYQ,Consumer Defensive,Packaged Foods
998,SK,N/A,N/A,YHD,N/A,N/A
999,SLB,Schlumberger Limited,USD,NYQ,Energy,Oil & Gas Equipment & Services
1000,SLG,SL Green Realty Corp.,USD,NYQ,Real Estate,REIT - Office
1001,SLM,SLM Corporation,USD,NMS,Financial Services,Credit Services
1002,SLR,N/A,N/A,YHD,N/A,N/A
1003,SMCI,"Super Micro Computer, Inc.",USD,NMS,Technology,Computer Hardware
1004,SMI,VanEck HIP Sustainable Muni ETF,USD,BTS,N/A,N/A
1005,SMS,N/A,N/A,YHD,N/A,N/A
1006,SNA,Snap-on Incorporated,USD,NYQ,Industrials,Tools & Accessories
1007,SNDK,Sandisk Corporation,USD,NMS,Technology,Computer Hardware
1008,SNI,Shenni Holdings Ltd,N/A,YHD,N/A,N/A
1009,SNPS,"Synopsys, Inc.",USD,NMS,Technology,Software - Infrastructure
1010,SNT,Senstar Technologies Corporation,USD,NGM,Industrials,Security & Protection Services
1011,SNV,Synovus Financial Corp.,USD,NYQ,Financial Services,Banks - Regional
1012,SO,The Southern Company,USD,NYQ,Utilities,Utilities - Regulated Electric
1013,SOLV,Solventum Corporation,USD,NYQ,Healthcare,Medical Instruments & Supplies
1014,SOTR,N/A,N/A,YHD,N/A,N/A
1015,SOV,N/A,N/A,YHD,N/A,N/A
1016,SPG,"Simon Property Group, Inc.",USD,NYQ,Real Estate,REIT - Retail
1017,SPGI,S&P Global Inc.,USD,NYQ,Financial Services,Financial Data & Stock Exchanges
1018,SPLS,N/A,N/A,YHD,N/A,N/A
1019,SRCL,"Stericycle, Inc.",USD,NMS,Industrials,Waste Management
1020,SRE,Sempra,USD,NYQ,Utilities,Utilities - Diversified
1021,SRR,N/A,N/A,YHD,N/A,N/A
1022,SSP,The E.W. Scripps Company,USD,NMS,Communication Services,Broadcasting
1023,STE,STERIS plc,USD,NYQ,Healthcare,Medical Devices
1024,STI,"Solidion Technology, Inc.",USD,NGM,Industrials,Electrical Equipment & Parts
1025,STJ,N/A,N/A,YHD,N/A,N/A
1026,STLD,"Steel Dynamics, Inc.",USD,NMS,Basic Materials,Steel
1027,STO,N/A,N/A,YHD,N/A,N/A
1028,STR,Sitio Royalties Corp.,USD,NYQ,Energy,Oil & Gas E&P
1029,STT,State Street Corporation,USD,NYQ,Financial Services,Asset Management
1030,STX,Seagate Technology Holdings plc,USD,NMS,Technology,Computer Hardware
1031,STZ,"Constellation Brands, Inc.",USD,NYQ,Consumer Defensive,Beverages - Brewers
1032,SUB,iShares Short-Term National Muni Bond ETF,USD,PCX,N/A,N/A
1033,SUN,Sunoco LP,USD,NYQ,Energy,Oil & Gas Refining & Marketing
1034,SUNEQ,N/A,N/A,YHD,N/A,N/A
1035,SVU,SUPERVALU INC.,N/A,YHD,N/A,N/A
1036,SW,Smurfit Westrock Plc,USD,NYQ,Consumer Cyclical,Packaging & Containers
1037,SWK,"Stanley Black & Decker, Inc.",USD,NYQ,Industrials,Tools & Accessories
1038,SWKS,"Skyworks Solutions, Inc.",USD,NMS,Technology,Semiconductors
1039,SWN,N/A,N/A,N/A,N/A,N/A
1040,SWY,N/A,N/A,YHD,N/A,N/A
1041,SXCL,N/A,N/A,YHD,N/A,N/A
1042,SYF,Synchrony Financial,USD,NYQ,Financial Services,Credit Services
1043,SYK,Stryker Corporation,USD,NYQ,Healthcare,Medical Devices
1044,SYMC,N/A,N/A,N/A,N/A,N/A
1045,SYY,Sysco Corporation,USD,NYQ,Consumer Defensive,Food Distribution
1046,T,AT&T Inc.,USD,NYQ,Communication Services,Telecom Services
1047,TA,N/A,N/A,N/A,N/A,N/A
1048,TAP,Molson Coors Beverage Company,USD,NYQ,Consumer Defensive,Beverages - Brewers
1049,TCOMA,N/A,N/A,YHD,N/A,N/A
1050,TDC,Teradata Corporation,USD,NYQ,Technology,Software - Infrastructure
1051,TDG,TransDigm Group Incorporated,USD,NYQ,Industrials,Aerospace & Defense
1052,TDM,N/A,N/A,NMS,N/A,N/A
1053,TDY,Teledyne Technologies Incorporated,USD,NYQ,Technology,Scientific & Technical Instruments
1054,TE,T1 Energy Inc.,USD,NYQ,Industrials,Electrical Equipment & Parts
1055,TECH,Bio-Techne Corporation,USD,NMS,Healthcare,Biotechnology
1056,TEG,N/A,N/A,YHD,N/A,N/A
1057,TEK,iShares Technology Opportunities Active ETF,USD,PCX,N/A,N/A
1058,TEL,TE Connectivity plc,USD,NYQ,Technology,Electronic Components
1059,TEL,TE Connectivity plc,USD,NYQ,Technology,Electronic Components
1060,TEN,Tsakos Energy Navigation Limited,USD,NYQ,Energy,Oil & Gas Midstream
1061,TER,"Teradyne, Inc.",USD,NMS,Technology,Semiconductor Equipment & Materials
1062,TER,"Teradyne, Inc.",USD,NMS,Technology,Semiconductor Equipment & Materials
1063,TEX,Terex Corporation,USD,NYQ,Industrials,Farm & Heavy Construction Machinery
1064,TFC,Truist Financial Corporation,USD,NYQ,Financial Services,Banks - Regional
1065,TFX,Teleflex Incorporated,USD,NYQ,Healthcare,Medical Instruments & Supplies
1066,TGNA,TEGNA Inc.,USD,NYQ,Communication Services,Broadcasting
1067,TGT,Target Corporation,USD,NYQ,Consumer Defensive,Discount Stores
1068,THC,Tenet Healthcare Corporation,USD,NYQ,Healthcare,Medical Care Facilities
1069,THY,Toews Agility Shares Dynamic Tactical Income ETF,USD,PCX,N/A,N/A
1070,TIE,N/A,N/A,YHD,N/A,N/A
1071,TIF,N/A,N/A,N/A,N/A,N/A
1072,TIN,N/A,N/A,YHD,N/A,N/A
1073,TJX,"The TJX Companies, Inc.",USD,NYQ,Consumer Cyclical,Apparel Retail
1074,TKR,The Timken Company,USD,NYQ,Industrials,Tools & Accessories
1075,TLAB,N/A,N/A,YHD,N/A,N/A
1076,TMC,TMC the metals company Inc.,USD,NMS,Basic Materials,Other Industrial Metals & Mining
1077,TMC.A,N/A,N/A,N/A,N/A,N/A
1078,TMK,N/A,N/A,N/A,N/A,N/A
1079,TMO,Thermo Fisher Scientific Inc.,USD,NYQ,Healthcare,Diagnostics & Research
1080,TMUS,"T-Mobile US, Inc.",USD,NMS,Communication Services,Telecom Services
1081,TMUS,"T-Mobile US, Inc.",USD,NMS,Communication Services,Telecom Services
1082,TNB,N/A,N/A,YHD,N/A,N/A
1083,TOS,N/A,N/A,YHD,N/A,N/A
1084,TOY,N/A,N/A,YHD,N/A,N/A
1085,TPL,Texas Pacific Land Corporation,USD,NYQ,Energy,Oil & Gas E&P
1086,TPR,"Tapestry, Inc.",USD,NYQ,Consumer Cyclical,Luxury Goods
1087,TRB,N/A,N/A,YHD,N/A,N/A
1088,TRGP,Targa Resources Corp.,USD,NYQ,Energy,Oil & Gas Midstream
1089,TRIP,"Tripadvisor, Inc.",USD,NMS,Consumer Cyclical,Travel Services
1090,TRMB,Trimble Inc.,USD,NMS,Technology,Scientific & Technical Instruments
1091,TROW,"T. Rowe Price Group, Inc.",USD,NMS,Financial Services,Asset Management
1092,TRV,"The Travelers Companies, Inc.",USD,NYQ,Financial Services,Insurance - Property & Casualty
1093,TRW,N/A,N/A,YHD,N/A,N/A
1094,TSCO,Tractor Supply Company,USD,NMS,Consumer Cyclical,Specialty Retail
1095,TSG,N/A,N/A,N/A,N/A,N/A
1096,TSLA,"Tesla, Inc.",USD,NMS,Consumer Cyclical,Auto Manufacturers
1097,TSN,"Tyson Foods, Inc.",USD,NYQ,Consumer Defensive,Farm Products
1098,TSS,N/A,N/A,N/A,N/A,N/A
1099,TT,Trane Technologies plc,USD,NYQ,Industrials,Building Products & Equipment
1100,TT,Trane Technologies plc,USD,NYQ,Industrials,Building Products & Equipment
1101,TTWO,"Take-Two Interactive Software, Inc.",USD,NMS,Communication Services,Electronic Gaming & Multimedia
1102,TUP,N/A,N/A,NYQ,N/A,N/A
1103,TWC,N/A,N/A,YHD,N/A,N/A
1104,TWTR,N/A,N/A,NYQ,N/A,N/A
1105,TWX,N/A,N/A,YHD,N/A,N/A
1106,TX,Ternium S.A.,USD,NYQ,Basic Materials,Steel
1107,TXN,Texas Instruments Incorporated,USD,NMS,Technology,Semiconductors
1108,TXT,Textron Inc.,USD,NYQ,Industrials,Aerospace & Defense
1109,TXU,N/A,N/A,YHD,N/A,N/A
1110,TYL,"Tyler Technologies, Inc.",USD,NYQ,Technology,Software - Application
1111,UA,"Under Armour, Inc.",USD,NYQ,Consumer Cyclical,Apparel Manufacturing
1112,UAA,"Under Armour, Inc.",USD,NYQ,Consumer Cyclical,Apparel Manufacturing
1113,UAL,"United Airlines Holdings, Inc.",USD,NMS,Industrials,Airlines
1114,UAWGQ,N/A,N/A,N/A,N/A,N/A
1115,UBER,"Uber Technologies, Inc.",USD,NYQ,Technology,Software - Application
1116,UCC,ProShares Ultra Consumer Services,USD,PCX,N/A,N/A
1117,UCL,uCloudlink Group Inc.,USD,NGM,Communication Services,Telecom Services
1118,UCM,N/A,N/A,YHD,N/A,N/A
1119,UDR,"UDR, Inc.",USD,NYQ,Real Estate,REIT - Residential
1120,UHS,"Universal Health Services, Inc.",USD,NYQ,Healthcare,Medical Care Facilities
1121,UIS,Unisys Corporation,USD,NYQ,Technology,Information Technology Services
1122,UK,Ucommune International Ltd,USD,NCM,Real Estate,Real Estate Services
1123,ULTA,"Ulta Beauty, Inc.",USD,NMS,Consumer Cyclical,Specialty Retail
1124,UMG,N/A,N/A,N/A,N/A,N/A
1125,UN,N/A,N/A,N/A,N/A,N/A
1126,UNH,UnitedHealth Group Incorporated,USD,NYQ,Healthcare,Healthcare Plans
1127,UNM,Unum Group,USD,NYQ,Financial Services,Insurance - Life
1128,UNP,Union Pacific Corporation,USD,NYQ,Industrials,Railroads
1129,UPC,Universe Pharmaceuticals INC,USD,NCM,Healthcare,Drug Manufacturers - Specialty & Generic
1130,UPR,N/A,N/A,YHD,N/A,N/A
1131,UPS,"United Parcel Service, Inc.",USD,NYQ,Industrials,Integrated Freight & Logistics
1132,URBN,"Urban Outfitters, Inc.",USD,NMS,Consumer Cyclical,Apparel Retail
1133,URI,"United Rentals, Inc.",USD,NYQ,Industrials,Rental & Leasing Services
1134,USB,U.S. Bancorp,USD,NYQ,Financial Services,Banks - Regional
1135,USBC,"US BioTec, Inc.",USD,OEM,Basic Materials,Agricultural Inputs
1136,USH,N/A,N/A,NMS,N/A,N/A
1137,USHC,N/A,N/A,N/A,N/A,N/A
1138,USS,N/A,N/A,YHD,N/A,N/A
1139,UST,ProShares Ultra 7-10 Year Treasury,USD,PCX,N/A,N/A
1140,USW,N/A,N/A,YHD,N/A,N/A
1141,UTX,N/A,N/A,N/A,N/A,N/A
1142,UVN,N/A,N/A,YHD,N/A,N/A
1143,V,Visa Inc.,USD,NYQ,Financial Services,Credit Services
1144,VAR,N/A,N/A,N/A,N/A,N/A
1145,VAT,N/A,N/A,NMS,N/A,N/A
1146,VFC,V.F. Corporation,USD,NYQ,Consumer Cyclical,Apparel Manufacturing
1147,VIAB,N/A,N/A,N/A,N/A,N/A
1148,VIAC,N/A,N/A,N/A,N/A,N/A
1149,VIAV,Viavi Solutions Inc.,USD,NMS,Technology,Communication Equipment
1150,VICI,VICI Properties Inc.,USD,NYQ,Real Estate,REIT - Diversified
1151,VLO,Valero Energy Corporation,USD,NYQ,Energy,Oil & Gas Refining & Marketing
1152,VLTO,Veralto Corporation,USD,NYQ,Industrials,Pollution & Treatment Controls
1153,VMC,Vulcan Materials Company,USD,NYQ,Basic Materials,Building Materials
1154,VNO,Vornado Realty Trust,USD,NYQ,Real Estate,REIT - Office
1155,VNT,Vontier Corporation,USD,NYQ,Technology,Scientific & Technical Instruments
1156,VO,Vanguard Mid-Cap Index Fund ETF Shares,USD,PCX,N/A,N/A
1157,VRSK,"Verisk Analytics, Inc.",USD,NMS,Industrials,Consulting Services
1158,VRSN,"VeriSign, Inc.",USD,NMS,Technology,Software - Infrastructure
1159,VRTS,"Virtus Investment Partners, Inc.",USD,NYQ,Financial Services,Asset Management
1160,VRTX,Vertex Pharmaceuticals Incorporated,USD,NMS,Healthcare,Biotechnology
1161,VST,Vistra Corp.,USD,NYQ,Utilities,Utilities - Independent Power Producers
1162,VSTNQ,N/A,N/A,N/A,N/A,N/A
1163,VTR,"Ventas, Inc.",USD,NYQ,Real Estate,REIT - Healthcare Facilities
1164,VTRS,Viatris Inc.,USD,NMS,Healthcare,Drug Manufacturers - Specialty & Generic
1165,VTSS,N/A,N/A,YHD,N/A,N/A
1166,VZ,Verizon Communications Inc.,USD,NYQ,Communication Services,Telecom Services
1167,WAB,Westinghouse Air Brake Technologies Corporation,USD,NYQ,Industrials,Railroads
1168,WAI,Top KingWin Ltd,USD,NCM,Financial Services,Capital Markets
1169,WAMUQ,N/A,N/A,YHD,N/A,N/A
1170,WAT,Waters Corporation,USD,NYQ,Healthcare,Diagnostics & Research
1171,WB,Weibo Corporation,USD,NMS,Communication Services,Internet Content & Information
1172,WBA,"Walgreens Boots Alliance, Inc.",USD,NMS,Healthcare,Pharmaceutical Retailers
1173,WBD,"Warner Bros. Discovery, Inc.",USD,NMS,Communication Services,Entertainment
1174,WCG,N/A,N/A,N/A,N/A,N/A
1175,WCOEQ,N/A,N/A,YHD,N/A,N/A
1176,WDAY,"Workday, Inc.",USD,NMS,Technology,Software - Application
1177,WDC,Western Digital Corporation,USD,NMS,Technology,Computer Hardware
1178,WEC,"WEC Energy Group, Inc.",USD,NYQ,Utilities,Utilities - Regulated Electric
1179,WELL,Welltower Inc.,USD,NYQ,Real Estate,REIT - Healthcare Facilities
1180,WEN,The Wendy's Company,USD,NMS,Consumer Cyclical,Restaurants
1181,WFC,Wells Fargo & Company,USD,NYQ,Financial Services,Banks - Diversified
1182,WFM,N/A,N/A,YHD,N/A,N/A
1183,WFT,Weatherford International plc,N/A,N/A,N/A,N/A
1184,WHR,Whirlpool Corporation,USD,NYQ,Consumer Cyclical,"Furnishings, Fixtures & Appliances"
1185,WIN,N/A,N/A,N/A,N/A,N/A
1186,WLA,N/A,N/A,YHD,N/A,N/A
1187,WLL,N/A,N/A,N/A,N/A,N/A
1188,WLP,N/A,N/A,YHD,N/A,N/A
1189,WLTW,N/A,N/A,N/A,N/A,N/A
1190,WM,"Waste Management, Inc.",USD,NYQ,Industrials,Waste Management
1191,WMB,"The Williams Companies, Inc.",USD,NYQ,Energy,Oil & Gas Midstream
1192,WMT,Walmart Inc.,USD,NYQ,Consumer Defensive,Discount Stores
1193,WMX,N/A,N/A,NYS,N/A,N/A
1194,WNDXQ,N/A,N/A,YHD,N/A,N/A
1195,WOR,"Worthington Enterprises, Inc.",USD,NYQ,Industrials,Metal Fabrication
1196,WPX,N/A,N/A,N/A,N/A,N/A
1197,WRB,W. R. Berkley Corporation,USD,NYQ,Financial Services,Insurance - Property & Casualty
1198,WRK,N/A,N/A,N/A,N/A,N/A
1199,WST,"West Pharmaceutical Services, Inc.",USD,NYQ,Healthcare,Medical Instruments & Supplies
1200,WTW,Willis Towers Watson Public Limited Company,USD,NMS,Financial Services,Insurance Brokers
1201,WU,The Western Union Company,USD,NYQ,Financial Services,Credit Services
1202,WWY,N/A,N/A,YHD,N/A,N/A
1203,WY,Weyerhaeuser Company,USD,NYQ,Real Estate,REIT - Specialty
1204,WYE,N/A,N/A,YHD,N/A,N/A
1205,WYND,N/A,N/A,N/A,N/A,N/A
1206,WYNN,"Wynn Resorts, Limited",USD,NMS,Consumer Cyclical,Resorts & Casinos
1207,X,United States Steel Corporation,USD,NYQ,Basic Materials,Steel
1208,XEC,N/A,N/A,N/A,N/A,N/A
1209,XEL,Xcel Energy Inc.,USD,NMS,Utilities,Utilities - Regulated Electric
1210,XL,N/A,N/A,N/A,N/A,N/A
1211,XLNX,N/A,N/A,N/A,N/A,N/A
1212,XOM,Exxon Mobil Corporation,USD,NYQ,Energy,Oil & Gas Integrated
1213,XRAY,DENTSPLY SIRONA Inc.,USD,NMS,Healthcare,Medical Instruments & Supplies
1214,XRX,Xerox Holdings Corporation,USD,NMS,Technology,Information Technology Services
1215,XTO,N/A,N/A,YHD,N/A,N/A
1216,XYL,Xylem Inc.,USD,NYQ,Industrials,Specialty Industrial Machinery
1217,YNR,N/A,N/A,YHD,N/A,N/A
1218,YRCW,N/A,N/A,N/A,N/A,N/A
1219,YUM,"Yum! Brands, Inc.",USD,NYQ,Consumer Cyclical,Restaurants
1220,ZBH,"Zimmer Biomet Holdings, Inc.",USD,NYQ,Healthcare,Medical Devices
1221,ZBRA,Zebra Technologies Corporation,USD,NMS,Technology,Communication Equipment
1222,ZION,"Zions Bancorporation, National Association",USD,NMS,Financial Services,Banks - Regional
1223,ZTS,Zoetis Inc.,USD,NYQ,Healthcare,Drug Manufacturers - Specialty & Generic
